ID,smiles,label
ZINC1184950583,C1=CC=C(C=C1)CCNC(=O)N[C@H]2C(=O)OCC2,1
442793,CCCCC[C@@H](CC(=O)CCC1=CC(=C(C=C1)O)OC)O,1
151910467,C[C@H]1CN(N=[N+]=[N-])[C@](C)(N)C(=O)N1C,0
148986327,C=C1C(=O)[C@]23C[C@H]1[C@@H](C)C[C@@]2(CC)[C@]1(C)CC[C@H](O)C(C)(C)[C@@]1(C)[C@H](C#CC)C3,0
97390911,CN(C)CCOC[C@@H]1CN(S(C)(=O)=O)Cc2nnn(C)c21,0
142266,CC(=O)CC(=O)OCC1=CC=CC=C1,1
11187043,CCCCCCCCCC(=O)C(C(=O)N[C@H]1CCCCC1=O)(F)F,1
688505,CCCC(=O)CC(=O)N[C@H]1CCOC1=O,1
77192942,Nc1ncnn2c([C@]34C[C@H]3[C@@H](O)[C@H](CO)O4)ccc12,0
9839732,CCCCCCCCCC(=O)CC(=O)N[C@H]1CCCC[C@@H]1O,1
39418614,CCc1cccc(O[C@H](CCC[NH3+])c2ccc(C)c(C)c2)c1,0
79296621,Nc1nc2cnccc2n1Cc1nccs1,0
82033811,C[C@@H]1Oc2ccccc2N(CC(C)(C)C(=O)NCCC(=O)O)C1=O,0
AI-3-4,C1(=NC(=CN(C1=O)[H])C)[C@@H](C)CC,1
103939013,CC[C@H](O)c1ccc(-n2cnc3c2CCCC3)cn1,0
44581739,C1COC(=O)[C@H]1NC(=O)COC2=CC=C(C=C2)I,1
89141006,CC(C)(C)CCCCCCCCCOc1ccc(N)cc1,0
11358105,C1COC(=O)[C@H]1NC(=O)CSC2=CC=CC=C2Cl,1
36991615,CC(C)c1ccc(C(=O)Cn2cnc([N+](=O)[O-])c2)cc1,0
57392802,CCCCNS(=O)(=O)C1CCOC1=O,1
128734321,CS[C@@H]1CCCCN(C(=O)[C@@]2(O)CCOC2)C1,0
156033080,O[C@H]1C[C@@H]([C@@H]2C[C@H]2COCCCCOC2CNC2)C1,0
2243915,C1=CC=C(C(=C1)C(=O)OC2=C(C=C(C=C2CNC(=O)C3=CC=CC=C3Cl)Br)Br)[N+](=O)[O-],1
25014871,CN(C)C1=CC=CC2=C1C=CC=C2S(=O)(=O)NCC(=O)N[C@H]3CCOC3=O,1
144355104,NC1=C[C@](N)(c2cnccn2)NC(c2ccncc2)=C1,0
85119225,CCC[C@]1(CCO)C[C@@H](O)[C@H](CO)O1,0
25437224,COc1ccc(OC)c([C@H]2CCCN2Cc2nc(=O)c3sccc3[nH]2)c1,0
11152551,COC[C@H]1O[C@@]2(C)[C@H](O)[C@H]3O[C@H]4CCCO[C@@H]4C[C@@H]3O[C@@H]2C[C@@H]1OC,0
112615285,N#CCC1(COc2c(F)cccc2CCN)CC1,0
132058626,CC(C)(C)OC(=O)C1=CC=C(C=C1)C(=O)N[C@H]2CCOC2=O,1
112250797,C/N=C(\NCc1ccn(-c2ccccc2)n1)NCC1(c2ccccc2F)CC1,0
114832698,C[C@@](O)(Cc1ccc(Cl)s1)Cc1ccccc1F,0
4027519,N#Cc1ccc(NC(=O)CSC2=Nc3ccccc3[C@@H]3CC=NN23)cc1,0
11536540,C1COC(=O)[C@H]1NC(=O)CCCC2=CNC3=CC=CC=C32,1
79826629,CN(c1ccc(N)c(N)n1)C1CCOCC1,0
107898080,C/C=C/CN1C[C@](C)(C2CC2)NC[C@@H]1Cc1ccccc1,0
50915413,CCCCCCC1=C(C(=O)C2=CC=CC=C2N1)O,1
71329656,Cc1ccc(=O)n(C)c1O,0
82375856,CN(C)c1nc(Br)c(C=O)n1C,0
54470642,CCCCCCC=CCC1=C(C(=O)C2=CC=CC=C2N1)C,1
83651,C1=C(C=C(C(=C1O)O)O)C=O,1
57394525,CCCCCCCCNC(=O)C1CCCC1=O,1
35027377,CC(C)CCCCCCCC=CC(=O)O,1
4187138,Cc1ccc(O)c(C(CSc2nc3ccccc3s2)=NO)c1,0
13849,CCCCCCCCCCCCCCC(=O)O,1
600307,CCCCCCCCCCCC1=CC(=O)C2=CC=CC=C2N1O,1
30526329,CN(C)[C@H](CNC(=O)CCn1cnc2sccc2c1=O)c1cccc(F)c1,0
9905762,CCCCCCCCCC(C(C(=O)N[C@H]1CCOC1=O)(F)F)O,1
116745396,CCOC1(c2nc(=O)c(I)c(CC)[nH]2)CCCCC1,0
125509776,COc1ccc(Cn2[nH]nc3cnnc-3c2=O)cc1OC,0
47549434,O=C(NC1CCN(CCn2c(=O)oc3ccccc32)CC1)c1ccsc1,0
110815905,COc1c(C)cc(C)cc1CC(=O)N1CCN(C(=O)Cc2cc[nH]c2)CC1,0
HAQs-4,CCCCC=CCC2=CC(C1=CC=CC=C1N2O[H])=O,1
44581694,C1COC(=O)[C@H]1NC(=O)COC2=CC=C(C=C2)F,1
134987036,CC1=CNC(=O)C(=N1)CC2=CC=CC=C2,1
10471788,CCCCCCCCCC(=O)CC(=O)NC1=CC2=C(C=C1)NN=C2,1
ZINC000823620459,CCCCS(=O)(=O)CC(=O)N[C@H]1CCOC1=O,1
10065359,CCCCCCCCCC(=O)CC(=O)NC1=CC=CC=C1C(=O)N,1
AHLs-4,C1([C@@H](CCO1)N(C(CC(CCCCCC=CCCCCCC)O[H])=O)[H])=O,1
113474196,CCSCC[C@@]1(CNC2CC2)C[C@@H]2CC[C@H]1C2,0
165452147,CC(C)c1[nH]nc(N)c1-c1ccc([N+](=O)[O-])cc1,0
84927783,O=C(C=Cc1ccc([N+](=O)[O-])o1)NNC(=O)c1cc2c(s1)CCCCC2,0
7532,C1=CC=C(C=C1)CS(=O)(=O)O,1
QSIDB-17,C(CCCCC(=O)CC(=O)NN1CCCC1)CCCCO,1
151631303,O=C1c2ccccc2C(=O)N1N=CCC=CCl,0
25015359,C1COC(=O)[C@H]1NC(=O)CC(F)(F)F,1
2530160,C1CCC(C1)NC(=O)CC2=CC=C(C=C2)C3=CC=CC=C3,1
136150279,N/C(=N/O)c1cc(COCC2CCCCC2)ccn1,0
82522956,CC[C@@H](C)n1c2c(cc(CCC(=O)Cl)c1=O)CCC2,0
14459388,CC(C)(C)CCCC(=O)Cn1ccnc1,0
163560088,[H]/N=C1\C=CC(Cl)=C\C1=C\CNc1cc(C(C)(C)C)cc(C(C)(C)C)c1O,0
89823414,O=C1C[C@H]2CCC[C@@]2(C(=O)N2C[C@@H]3C[C@H]2CN3c2cc(C(F)(F)F)ccn2)C1,0
ZINC216062386,CCCCCCCCN1N=C(N=N1)CC(=O)O,1
31284,CCCCCCCCCCCCCC(=O)OC,1
QSIDB-16,CCCCCCCCCCCCNC1=CC2=C(C=C1)[N](N=C2)[H],1
ZINC216062113,CCCCCCCCCCCCCCN1N=C(N=N1)CC(=O)O,1
6993323,C1C[C@@H]2C(=O)N[C@H](C(=O)N2C1)CC3=CC=C(C=C3)O,1
138543,CC(C)CC1C(=O)NC(C(=O)N1)C(C)C,1
7016458,COC(=O)C1=NC=C(C=C1)Br,1
11644562,CCCCCCCCCC(=O)NC1CCOC1=O,1
164053950,COC1=C(O)C=C[C@H](CCC(C)(C)N2Cc3cccc(S(C)(=O)=O)c3C2)C1,0
44581742,C1COC(=O)[C@H]1NC(=O)COC2=CC=CC(=C2)[N+](=O)[O-],1
DKPs-2,[C@H]12C[C@H](O)CN1C(=O)[C@H](NC2=O)C(C)C,1
90985532,CS/C(=N\C=O)Nc1ccc(-n2ccnc2)cc1,0
7979100,CCCCCCCCCCCCCCOC1=CC(=O)OC(=C1)C,1
130123309,CCCC(C1=CC(OC1=O)C)O,1
102201697,CC(C)CCCC1CC(=O)C(C(=O)C1)C(C)C,1
166976231,CC(C)(CO)CC(C)(C)C(=O)OC(C)(C)C,0
48398806,CC(C)[C@@H](C)NC(=O)C(=O)c1nccn1Cc1ccccc1,0
44581183,C1COC(=O)[C@H]1NC(=O)CCC2=CC=C(C=C2)F,1
149173704,CC1=NN[C@H]2[C@@H]1[C@H](Cl)C=CN2C,0
7074739,CC(C)C[C@H]1C(=O)N2CCC[C@H]2C(=O)N1,1
9854058,CCCCCC(C1=CC(=C(Br)Br)OC1=O)Br,1
25027490,CCCCCCCCCC(=O)CC(=O)NN1CCCCC1,1
61815499,CNCCN[C@@H]1CCN(C2CC2)C1,0
139567824,C=CN(C)/C=C\N=C,0
10130163,CCCC(=O)N[C@H]1CCOC1=O,1
131687813,COC(=O)c1cc2c(nc1C)CCN(C(=O)CC1(O)CCC1)CC2,0
21729104,CCC[C@H](C1=C(/C(=C/I)/OC1=O)Br)OC(=O)C,1
710487,COC1=CC=C(C=C1)CC(=O)NC2CCCC2,1
51253168,CCCOc1ccc(C(F)(F)F)cc1NCC(=O)N[C@@H]1CCS(=O)(=O)C1,0
5281416,C1=CC(=O)OC2=CC(=C(C=C21)O)O,1
73347720,C1=CC(=CC(=C1)C(F)(F)F)C2=NN=C(O2)C(=O)N,1
AHLs-11,CC(C)CCCCCC(=O)N[C@H]1CCOC1=O,1
62544463,COCCNc1nc2c(cc1CN)CCCC2,0
12871469,C=C[C@@H]1CCC[C@H](COC(C)=O)[S@]1=CC(=O)OCC,0
16226749,C=CCn1c([C@H]2CCS(=O)(=O)C2)n[nH]c1=S,0
124170088,N#Cc1ncccc1-c1ccc(C(=O)CN2C(=O)NC3(CCCCC3)C2=O)cc1,0
132343007,CC1=NS(=O)(=O)N(C)C=C1C(=O)Nc1cccc2c1CCCC2,0
24179235,CC1=CC=C(C=C1)C(=O)CCC(=O)N[C@H]2CCOC2=O,1
11530089,CC(C)(C)OC(=O)NCC1=CC=C(C=C1)C(=O)N[C@H]2CCOC2=O,1
124828932,C[C@H](CN1CCOCC1)N[C@H](C)[C@H]1CCCO1,0
53237923,CCCCCCCCCNC(=O)CC(=O)N[C@H]1CCOC1=O,1
QSIDB-14,CCCCCCCCCCCCNC1=C(C=CC=C1)C(=O)N,1
125209352,Cn1ccc(C(=O)N2C[C@@H]3Cn4c(-c5ccsc5)cnc4[C@H]3C2)n1,0
10240835,C[C@]1(C(=O)[C@H](CO1)O)O,1
24179233,CCCCS(=O)(=O)N[C@H]1CCOC1=O,1
HAQs-2,CCCC=CCC2=C(C)C(=O)C1=CC=CC=C1N2[H],1
105419377,CN(C)C1(Cn2c(=S)[nH]c3sccc3c2=O)CCC1,0
57097340,O=C=N[C@H]1C[C@H]1F,0
66769741,CCCCCC(CC(=O)N[C@H]1CCOC1=O)O,1
101162146,C1COC(=O)[C@H]1NC(=O)CC(=O)CC2=CC=C(C=C2)Br,1
70682312,CCCCCCC1=CN(N=N1)C2CCOC2=O,1
25014704,C1COC(=O)[C@H]1NC(=O)CC2=CC(=CC=C2)Cl,1
128344444,CN1C(=O)N[C@@H]2CN(C(=O)[C@@H]3CCn4c(cnc4C4CCCCC4)C3)CC[C@@H]21,0
10382592,CCCCCCCCCC(=O)CC(=O)NC1=C(C=CC(=C1)Cl)O,1
599669,CCCCCCCCCCC1=C(C(=O)C2=CC=CC=C2N1)C,1
99814525,Cc1cnc([C@@H](C)NS(=O)(=O)c2c(Cl)nc3ccccn23)s1,0
28740921,CCn1ncc(C2=NO[C@@H](C(=O)NC[C@]34C[C@H]5C[C@H](C[C@H](C5)C3)C4)C2)c1C,0
9883786,CCCCCCCCCCCC(=O)CC(=O)N[C@H]1CCOC1=O,1
102201696,CC(C)C1C(=O)CC(CC1=O)CCC2=CC=CC=C2,1
64194180,C1=CC(=CC(=C1)C(F)(F)F)C2=NNC(=O)O2,1
154251320,O=C1C=c2nc3ccc4ccccc4c3cc2=CC1(Cl)Cl,0
102361195,CC(=O)O[C@H](CC1=C(C)OC(C)(C)OC1=O)C1=CCCCC1,0
123152088,CSCCCCOC(=O)N(C)C,0
79080848,CCN[C@@H](c1cncnc1)C1(N(C)C)CCCCCC1,0
QSIDB-15,CCCCCCCCCCCCNC1=C(C=CC(=C1)Cl)O,1
3336,CC(C1=CC=CC=C1)NCCC(C2=CC=CC=C2)C3=CC=CC=C3,1
23054433,CCC(=O)Oc1ccc(-c2cccc3c2C(=O)NC3=O)cc1,0
20254746,N#CN1CCN(c2cc3c(cc2F)[C@H](C(=O)O)C=CN3C2CC2)CC1,0
156844517,C=C[C@H]1CC[C@H](CN(C)C(=C)[C@H](CC=O)SCCC)CC1,0
124886,C(CC(=O)N[C@@H](CS)C(=O)NCC(=O)O)[C@@H](C(=O)O)N,1
87971362,CC(F)(F)CS[C@@H](F)[C@H](F)CS,0
137507169,C=CC[C@@H]1C[C@H]1OC(=O)N[C@H](CO)CC(C)(C)C,0
12374454,CC(C1C=CC(=O)O1)O,1
21636735,CCC1=C(C(=C(Br)Br)OC1=O)Br,1
38413925,CCN(CC)[C@H](CNC(=O)CCNC(=O)[C@]12C[C@H]3C[C@H](C[C@H](C3)C1)C2)C(C)C,0
107476983,O[C@H](c1ccc(Br)c(Cl)c1)c1cc(F)c(F)cc1Cl,0
59985451,CN1C[C@@]2(C)C[C@@H]1CC(C)(C)C2,0
11231482,C1COC(=O)[C@H]1NC(=O)CSC2=CC(=CC=C2)Cl,1
88903145,C1COC(=O)[C@H]1NC(=O)C(C(F)(F)C(F)(F)C(C(F)(F)F)(F)F)(F)F,1
142894456,C[C@H](O)[C@@H]1C(=O)N2C(C(=O)O)=C(SC3CN(C4=NCCS4)C3)[C@@H](C)[C@H]12,0
53237925,CCCCCCCCNC(=O)C(C(=O)N[C@H]1CCOC1=O)(F)F,1
97466764,O=C(N[C@H]1CCc2c(ccc(=O)n2Cc2ccncc2)C1)C1CC=CC1,0
53238850,CCCCCCCCNC(=O)CC(=O)NC1=CC=CC=C1C(=O)N(C)C,1
150060495,C=C[C@H]1C=CC=C[C@]1(CC)c1ccccc1,0
27376082,Cc1ccc(-n2c(C)nn(CN(C)Cc3nc4ccccc4s3)c2=S)cc1,0
10131281,CCCCCCCCCC(=O)N[C@H]1CCOC1=O,1
166813510,NCCOc1cccc(C2=CCNc3[nH]c4ccccc4c32)c1,0
82581513,CNC(=O)CN1CCc2cc(CN)ccc2C1,0
115182138,CNc1ccc2c(c1)CC(=O)N2C(=O)C1(CO)CC1,0
4576436,COc1ccccc1C(=O)N1CCS[C@@H]1c1ccc(Cl)cc1Cl,0
101998931,CCCCCCCCCC1(CC(=O)N[C@H]2CCOC2=O)OCCO1,1
137329826,COC(CO[SiH3])(OC)c1ccccc1S,0
44581690,C1COC(=O)[C@H]1NC(=O)CC2=CC=CC3=CC=CC=C32,1
2763159,CCCCCCCC1=C(C(=O)C2=CC=CC=C2N1)O,1
108644582,O=C(C1=C(O)C(=O)N(c2cccc(F)c2)[C@H]1c1ccccc1F)c1ccco1,0
114673811,COc1ccc2c(c1)C(=O)C[C@]1(CC[C@@H](OC)CC1)O2,0
44194480,CCCCCCCC(=O)[C@H](CC)O,1
106972389,CSc1cc(N2CCN(CCCCCN)CC2)ncn1,0
121199453,NCCn1ccn2nc3c(c2c1=O)CCCC3,0
142022436,CCC(F)(F)C(F)(F)C(F)(F)[C@H](F)P,0
105406531,CC[C@](C)([C@H](N)Cc1cc(F)cc(F)c1)N1CCOCC1,0
129909933,CCCNC(=O)NC1CCOC1=O,1
9900052,CC1=C(/C(=C/Br)/OC1=O)Br,1
65036,C=CCSS(=O)CC=C,1
11240796,CC1=CC2=C(C(=O)OC2=C(O1)C)C,1
13785652,c1ccc([C@]2(CCCN3CCOCC3)COc3ccccc32)cc1,0
163824639,O[C@H]1NCN(c2ccccc2)C12CCNCC2,0
170581688,CC(C)CC(=O)N1CCC[C@H]1C(=O)NCC1=CCCC=C1,0
442428,C[C@H]1[C@@H]([C@H]([C@H]([C@@H](O1)O[C@@H]2[C@H]([C@@H]([C@H](O[C@H]2OC3=CC(=C4C(=O)C[C@H](OC4=C3)C5=CC=C(C=C5)O)O)CO)O)O)O)O)O,1
115981530,Cc1cc(N2CCN(C3CNC3)CC2)cc([N+](=O)[O-])c1,0
128047574,CSc1c(C(=O)N2CCn3c(n[nH]c3=O)C2)cnn1C,0
102364124,Cc1nn(C(C)C)cc1/C=N\N(C=O)C(C)C,0
106179885,CC(C)(O)C(C)(C)NC(=O)COc1ccccc1N,0
19508320,CCn1cc(NC(=O)c2cc(C(F)(F)F)[nH]n2)c(C(=O)NCC(C)C)n1,0
163166030,CCC=CCC1=C(C(=O)C2=CC=CC=C2N1)C,1
45093387,CCCCCC(=O)N[C@H]1[C@@H](COC1=O)O,1
2243916,C1=CC=C(C(=C1)C(=O)NCC2=CC(=CC(=C2OC(=O)C3=CC=C(C=C3)F)Br)Br)Cl,1
5282738,CCCCCCCCCCC/C=C/C(=O)O,1
13432647,O=C1c2ccccc2C(=O)c2c1ccc1c2N[N+]2(CCCCC2)C1,0
144717051,C=C1CC[C@]2(C)C3=CCCC[C@]3(CC)CCC2=C1C,0
1251414,C1=CC(=CC=C1C(=O)C2=CC=C(C=C2)Cl)S(=O)(=O)C3=CC=C(C=C3)Cl,1
162916448,C=C1C(=O)O[C@H]2[C@H]1C[C@@H](OCC(C)C)[C@@](C)(O)[C@@]13C=C[C@@](C)(OO1)[C@H]23,0
106489289,COC(=O)[C@](CN)(CCOCCC(C)C)c1ccccc1,0
145987414,Cc1ccc(CSC(=S)NCC/C=C/[S@](C)=O)cc1,0
151987567,Cc1ccc(S(=O)(=O)N2[C@H](CCC(=O)[O-])CC[C@@H]2c2ccc(F)cc2)cc1,0
50991184,CCCCCCCCCC(=O)CC(=O)NCC1=CC(=CC=C1)[N+](=O)[O-],1
90360509,CCCCCCCCC(CCCCCC)C(=O)N[C@H]1CCOC1=O,1
60038763,CCCCCCCCCC(=O)CC(=O)N[C@H]1CCCC1=O,1
116408848,CCNCc1ccccc1-n1cncc1C(CC)CC,0
83043113,CCC[C@H](CNC(C)C)N(CC)CC,0
71835763,CS(=O)(=O)N[C@H]1C[C@@H]2C[C@H]1N(C(=O)Cc1ccsc1)C2,0
116140261,CSC(C)(C)CNC(=O)Nc1ccc(C(=O)O)cc1F,0
70684400,CCCCCCC1=NN=NN1C2CCOC2=O,1
44581744,CC1=CC(=CC=C1)CCC(=O)N[C@H]2CCOC2=O,1
21523126,CC[C@H](OC(C)=O)[C@@]1(C)CCC2=C3CC(C)(C)C(=O)C=C3CC[C@@H]2[C@H]1CC,0
57343124,C=CC[C@@H](O)[C@H]1OCCC[C@@H]1O[Si](C)(C)C(C)(C)C,0
82570227,CC(C)CNc1nccc2c(N)cccc12,0
612732,C1=CSC(=C1)C2=NNC(=C2)C(F)(F)F,1
24179366,CC1=C(C=CC(=C1)OCC(=O)N[C@H]2CCOC2=O)C(=O)C,1
101958028,C[C@@H](c1ccccc1)N1CO[C@@H]2C[C@@H]3[C@H](C[C@@]2(O)C1)C3(C)C,0
QSIDB-1,C(CCCCCCCNN(CC(=O)N[C@H]1CCOC1=O)OCC2=CC=CC=C2)C,1
AHLs-14,CCCCCC\C(=C(/CCCCCCCC(=O)NC(C)C(=O)OC)[H])[H],1
21962674,C1=CC(=CC(=C1)C(F)(F)F)C2=NN=CO2,1
145379382,Cn1c(=O)c(-c2cccc(Br)c2)nc2c3c(ccc21)OC(C)(C)O3,0
123224038,C[C@]12CCC(NOCCN)=C[C@H]1C[C@@H](CO)[C@@H]1[C@@H]2CC[C@]2(C)C(=O)CC[C@@H]12,0
44581695,C1COC(=O)[C@H]1NC(=O)COC2=CC=C(C=C2)Cl,1
16751902,CSc1nn2c3c(cnc2c1C(=O)Nc1ccc(C)cc1)CCC3,0
58369811,C/C(=C/1\C=CC(=O)O1)/Br,1
25015133,C1COC(=O)[C@H]1NC(=O)C2=CC=C(C=C2)OC3=CC=C(C=C3)Br,1
149561622,C=C(CCCCCCCC)c1ccc(I)s1,0
3148049,CC1=C(C=CC(=C1)Cl)OCCCC(=O)NC2CCSC2=O,1
70692868,CCCCCN1C(=NN=N1)C2CCOC2=O,1
121348421,FC(F)(F)c1ccc2c(c1)[C@H](c1ccccc1)c1c-2ccc2ccccc12,0
72819503,O=C1OC[C@H]2N1CC=CCC2(F)F,0
162606429,N#Cc1ccc(CCI)c(CC(F)(F)F)c1,0
439155,C1=NC(=C2C(=N1)N(C=N2)[C@H]3[C@@H]([C@@H]([C@H](O3)CSCC[C@@H](C(=O)O)N)O)O)N,1
71014942,CSCC[C@@H](C(=O)O)N(c1ccc(Cl)cc1)C1CC1,0
367484,CCCCC=CCC1=C(C(=O)C2=CC=CC=C2N1)C,1
130532406,C[C@]1(O)CCC[C@@H]1N1C[C@H](O)[C@@H](O)C1,0
56683013,CCCCCCCCCC(=O)CC(=O)NCC1=CC=C(C=C1)F,1
129629355,CC1(C)C[C@@H](CC(=O)O)[C@@H]1C(=O)O,0
70019163,C1COC(=O)[C@H]1NS(=O)(=O)CCCC2=CC=CC=C2,1
76012316,COC(=O)N=C1C=CC=CC1=C1CCO/C1=N\[C@@H](C)c1ccccc1,0
94570574,CCC[C@@H](CNCCOC)Cc1cc(C)cc(C)c1,0
144412447,CNCCCCCC[n+]1ccc(/C=C/c2ccc(N(C)C)cc2)cc1,0
25421298,Cc1[nH]c(=S)[nH]c(=O)c1C1CCCC1,0
QSIDB-7,CCCCCCS(=O)(=O)CC(=O)N[C@H]1CCOC1=O,1
10706,CC(=O)C1=C(C(=C(C=C1)O)O)O,1
QSIDB-20,CCCCCCCC2=NC1=C(C=CC(=C1)Cl)C(=O)N2N,1
12242311,CC(=O)CC(=O)C=C(C)C,0
10455,CS(=O)CCCN=C=S,1
144398032,C=C(NCCC(=C)c1cc(C)ccc1C)c1ccc(Cc2cccs2)cc1,0
115665333,CCSCC[C@@H](C)NC1=NS(=O)(=O)c2ccccc21,0
114613881,N#Cc1ccc(S(=O)(=O)NC[C@@H]2CCCC[C@H]2CO)cn1,0
11737767,CCCCCCCSCC(=O)N[C@H]1CCCC[C@@H]1O,1
AHLs-COOH-2,CCCCCCCCCCCC(=O)N(C1CCOC1=O)C(O)=O,1
139755730,C[C@@H](CC[C@H]1CCCCC1=O)CC(C)(C)C,0
154209093,CC(C)(C)OOC(C)(CCC(=O)N(N)C(=O)[O-])OOC(C)(C)C,0
45267703,CCCCCC(=O)C(=O)[C@H](CO)O,1
143546085,COP(OC/C=C/O)OCCN,0
122187653,C1=CC=C2C=C(C=CC2=C1)CC(=O)C(=O)[C@H](CO)O,1
71353010,CCCCCCCC(CC(=O)N[C@H]1CCOC1=O)O,1
151217498,Cc1c(N=[N+]=[N-])sc[n+]1C,0
133338757,CCCNC(=O)CN1CCC(Nc2c(F)c(F)nc(F)c2F)CC1,0
6935335,C1CSC(=O)[C@H]1NC(=O)CC2=CC=C(C=C2)Br,1
25015046,C1COC(=O)[C@H]1NC(=O)CC2=CC=CC(=C2)C#N,1
25014956,C1COC(=O)[C@H]1NC(=O)CC2=CC=C(C=C2)SC(F)(F)F,1
932,C1C(OC2=CC(=CC(=C2C1=O)O)O)C3=CC=C(C=C3)O,1
116167703,CCN(C1CCCCC1)[C@H]1CCN[C@@H](C)C1,0
90670712,CCCCCCC1=CC(=O)C2=C(N1C)C=CC(=C2)C(F)(F)F,1
57718995,CC1=CC=C(C=C1)CNC(=O)NC2CCOC2=O,1
130391973,N[C@H]1Cc2c(ccc3cc(C=O)ccc23)O[C@@H]1c1cc(F)c(F)cc1F,0
107721849,CNCc1ccc(NC(=O)c2ccc(O)cc2O)cc1,0
61504473,CC[C@H](NC)c1ccc(-c2ccccc2COC)s1,0
56672559,C1CSC(=O)C1NC(=O)CCCOC2=CC=C(C=C2)Cl,1
82251501,C1CN=C(N1)C2=CC=C(C=C2)OCC(=O)NC3=CC=CC=C3,1
50991458,CCCCCCCCCCCC(=O)N[C@H]1CCSC1=O,1
123362825,CC1=C[C@@]2(OC[C@H](C)O2)[C@@H]2C[C@]2(C)[C@]1(O)C#Cc1cn(C)c(=O)n(C)c1=O,0
56676354,CCCCCCCCCC(=O)CC(=O)NC1=CC(=NN1C)C2=CC=C(C=C2)Cl,1
5312586,CCCCCC/C=C/C(=O)O,1
44581740,C1COC(=O)[C@H]1NC(=O)COC2=CC=C(C=C2)C(F)(F)F,1
19399,CC=C1C=CC(=O)O1,1
72439074,CC=CCOCCOCCOCC=CC,0
66931487,COC(=O)C1=NC=C(C=C1)OCC2CC2,1
130097435,COc1nccc(CC#N)c1C(F)F,0
59212083,Oc1ccc2c(c1)CCN(Cc1ccc(-c3ccc(Cl)cc3Cl)o1)CC2,0
139301691,O=C(NNC(=O)[C@@]1(F)CCCN(C(=O)O)C1)c1cc(Br)ccn1,0
HAQs-8,CCCCCCCCC=CCC2=CC(=O)C1=CC=CC=C1N2[H],1
16211025,C1=CC(=O)OC2=CC(=C(C=C21)O[C@H]3[C@@H]([C@H]([C@@H]([C@H](O3)CO)O)O)O)O.O,1
128106810,O=C(c1coc(C2CCOCC2)n1)N1CCS(=O)(=O)c2ccccc2C1,0
70837,C1=CC=C(C=C1)C(=O)C2=C(C(=C(C=C2)O)O)O,1
HAQs-1,C2=C1C(C=C(CC=CCCCCCCC)N(C1=CC=C2)O[H])=O,1
87606261,CCCCCCCCCCCCCC(=O)CC(=O)N[C@H]1CCOC1=O,1
155577178,CN1NN=C([C@@H]2C[C@@]23CN[C@@H](Cc2ccc(Cl)cc2)CO3)N1,0
123907515,CNC(=O)C1=N[N+](C)(C)C2=C1C(=O)C(SCCCCCNC(C)=O)=CC2=O,0
140692672,[2H]C([2H])([2H])c1ccc2c(n1)oc1c(-c3cc(C([2H])(C)C)ccn3)cccc12,0
101162158,C1COC(=O)[C@H]1NC(=O)CC(=O)CC2=CC(=CC=C2)Cl,1
58596424,COC(=O)c1c(C)[nH]c2c1[C@@]13C[C@@H]1CNC3=CC2=O,0
76807458,CN1NC(C(=O)CCCN2CC(F)(F)C2)=CC1=C1C=c2cc(F)ccc2=N1,0
4696,C1C=C2C(=CC(=O)O2)C(O1)O,1
23582901,CCCCCCCCN(C)C(=O)CC(=O)N[C@H]1CCOC1=O,1
11159352,C1=COC=C2C1=CC(=O)O2,1
38988802,C1COC(=O)[C@H]1NC(=O)C2=CC=C(C=C2)Br,1
521142,C1=CC(=C(C(=C1)F)C(=O)O)N,1
101159892,CCCCCC(=O)N[C@H]1C[C@H](OC1=O)CO,1
9854059,CCCCCC(C1=C(/C(=C/Br)/OC1=O)Br)Br,1
91561446,CCCN(CCC)C1=CC(=O)C(=NNc2nnc(CC)s2)C=C1,0
HAQs-9,CCCCCCCCC=CCC2=CC(=O)C1=CC=CC=C1N2O[H],1
25015358,C1COC(=O)[C@H]1NC(=O)C(C(F)(F)F)(F)F,1
103857051,C[C@@H](NC(=O)CNC(=O)c1ccccc1Br)c1cn[nH]c1,0
445070,CC(=CCC/C(=C/CC/C(=C/CO)/C)/C)C,1
109426102,CCN/C(=N\CC[S@@](=O)C(C)(C)C)N1CCC(Oc2ccccc2)CC1,0
134960262,C=C[C@](C)(C=O)C1CCCCC1,0
2733526,CC/C(=C(\C1=CC=CC=C1)/C2=CC=C(C=C2)OCCN(C)C)/C3=CC=CC=C3,1
11609787,CCCCCCCCCCCCCCCC(=O)N[C@H]1CCOC1=O,1
162919884,C=Cc1cn2oncc2n1,0
5330631,Cc1ccccc1C(=O)c1ccc2nc(N)c(C(=O)c3c(F)cccc3F)n2c1,0
11170991,CC(=O)C(=O)[C@H](CO)O,1
117499213,NCC1(c2c(O)c(Br)cc3c2OCCCO3)CC1,0
104506372,CCN(c1ncc(N)c(C)c1Br)C1CC1,0
102636030,CN(c1ccc([N+](=O)[O-])nc1)[C@@H]1CCCC[C@H]1O,0
DKPs-1,[C@@H]3(CC1=CC=C(C=C1)O)NC(=O)[C@H]2C[C@H](O)CN2C3=O,1
134287380,O=c1nccc2n(CC3CC3)[nH]c(Nc3ccnc(F)c3)c1-2,0
594525,CCCCCCC1=CC(=O)C2=CC=CC=C2N1,1
104809332,CC1(C)CC(=O)N(Cc2ccc(Br)cn2)C1=O,0
151201806,COc1cc2[nH]ncc2cc1N1CC=CC=C1C(F)(F)F,0
75418316,CC(=O)c1cc(C(=O)Nc2ccc(C)c3cn[nH]c23)n(C)c1,0
145720641,CCCCCCCCCCCCC1=C(C=C(OC1=O)CC(C)C)O,1
25014709,C1COC(=O)[C@H]1NC(=O)CC2=CC(=CC=C2)[N+](=O)[O-],1
163522490,[H]/N=C(\N)SC(=C/C=O)/C(/C=C\C)=C/C,0
92014,CC(C)(C)C1=CC=C(C=C1)C(=O)N,1
50915414,CCCCCCCCC1=C(C(=O)C2=CC=CC=C2N1)O,1
22934830,CCOC(=O)c1nc(Cl)c(C=O)s1,0
65778145,CCN(C[C@H]1CCCO1)S(=O)(=O)N1CCCC[C@@H]1CNC,0
50991280,CCOC(=O)CNC(=O)CC1=CC(=CC=C1)[N+](=O)[O-],1
127958440,CCN1CCN(S(=O)(=O)N(CC)CC2CC2)C[C@H]1c1ncc[nH]1,0
44449612,CCCCCCCCCCCS(=O)(=O)N[C@H]1CCOC1=O,1
11140550,CCC1=CC(=C(Br)Br)OC1=O,1
91376180,CCCc1cccc(C=C(C)C)c1/C=N/C,0
80126413,CC(C)[C@@H](Br)Cc1cccc(F)c1F,0
44239898,C1COC(=O)[C@H]1NC(=O)CC(=O)CCCCCCCCCN=C=S,1
149936364,CC(C)(C)c1ccc(Cn2nc(C(C)(C)C)c(O)c(N=[N+]=[N-])c2=O)cc1,0
152894816,CO[C@@H]1CC(CI)=NC(C)=N1,0
ZINC1346341230,C1=CC=C(C=C1)CCCCNC(=O)N[C@H]2CCOC2=O,1
71368872,CCCCCCCCCC(=O)CC(=O)N[C@H]1CCC[C@@H]1O,1
148601897,[H]/N=C/C=NNc1cccc(Nc2nc(S(C)(=O)=O)ncc2C(N)=O)c1,0
75064,C1=CC(=C(C(=C1C=O)O)O)O,1
137969954,C[C@H](N[C@@H]1CCC(=O)N(C2CC2)[C@H]1c1nccn1C)c1cncc(F)c1,0
131079091,Cc1cocc1C1(O)CSC1,0
9839657,CCCCC1=C(/C(=C/Br)/OC1=O)Br,1
ZINC1527315209,C1=C(C=CC(=C1)Cl)CNC(=O)N[C@H]2CCOC2=O,1
101905204,CC(C)C1C(=O)CC(CC1=O)/C=C/C2=CC=CC=C2,1
123596981,CC[C@@]1(C(C)C)CC[C@@H](C)[C@H]1C,0
130374971,C[N+](C)(CI)CCCNC(=O)C(F)(F)F,0
13425735,O=S(=O)(F)OC1(N2CCCCC2)C(c2ccccc2)=C1c1ccccc1,0
15981490,CCCCNC(=O)NC1CCOC1=O,1
85552341,CCCCCCCCCCCCCC(=O)NC(C)C(=O)OC,1
151097857,CNC(=O)O[C@]1(N=[N+]=[N-])CC(c2ccccc2)=CCN1,0
15329204,CCOC(=O)Cn1c(=S)[nH]c2sc3c(c2c1=O)CC[C@H](C)C3,0
85464101,O=C(C[C@@H](C(=O)[O-])[NH+]1CCNCC1)Nc1ccccc1Cl,0
44581188,CSC1=CC=C(C=C1)CCC(=O)N[C@H]2CCOC2=O,1
82703314,CCc1nn(CCc2ccncc2)c(CC)c1N,0
11253280,CCCS(=O)CC(=O)N[C@H]1CCOC1=O,1
11459663,CCCCCS(=O)CC(=O)N[C@H]1CCOC1=O,1
44581691,CC1=CC=C(C=C1)OCC(=O)N[C@H]2CCOC2=O,1
130217777,CCCCCCCCCCC[C@H](CCOC)O,1
74926793,CCCCCCCCCCCC(=O)C(CC)O,1
133511469,CNc1c(Cl)ncnc1N(C)CCN(C)C1CC1,0
53238847,CCCCCCCCNC(=O)CC(=O)NC1=CC=CC=C1O,1
442439,C[C@H]1[C@@H]([C@H]([C@H]([C@@H](O1)O[C@@H]2[C@H]([C@@H]([C@H](O[C@H]2OC3=CC(=C4C(=O)C[C@H](OC4=C3)C5=CC(=C(C=C5)OC)O)O)CO)O)O)O)O)O,1
137574333,CC1(C)Cc2cc([C@H]3NC(=S)N=C(Cl)[C@@H]3C#N)ccc2O1,0
118735090,C1=CC=C(C(=C1)NC(=O)CC2=C(C(=CC(=C2)Br)Br)OC(=O)CCCN3C(=O)C=CC3=O)[N+](=O)[O-],1
25015292,C1CCC(CC1)CCCC(=O)N[C@H]2CCOC2=O,1
171645076,COc1nc2c(cc(C(N)=O)c3nc4c(O)cccc4c32)[nH]c1OC,0
11402754,C1CSC(SC1)CC(=O)N[C@H]2CCOC2=O,1
144680253,CN1CCN=C(/C=C\N)C1,0
56679687,CCCCCCCCCC(=O)CC(=O)NCC1=C(C=CC=C1F)F,1
1488415,C=CCn1c(SCc2ccc(C)cc2)nc(C(F)(F)F)cc1=O,0
AHLs-20,CCCCCCCCCCCCCCC(=O)NC(C)C(=O)OC,1
5280863,C1=CC(=CC=C1C2=C(C(=O)C3=C(C=C(C=C3O2)O)O)O)O,1
101241960,CC[C@H](C1=C(C(OC1=O)O)C)O,1
69857598,N[C@@H]1Nc2ncc(CO)nc2[C@@](N)(O)N1,0
QSIDB-11,C(CCCCC(=O)CC(=O)NC1CCCCNC1=O)CCCCO,1
37900300,O=C(Nc1cc(Cl)ccc1Cl)c1cccc(CN2CCOCC2)c1,0
101162134,CC(C)(C)CC(=O)CC(=O)N[C@H]1CCOC1=O,1
53238846,CCCCCCCCNC(=O)CC(=O)N[C@@H]1CCCC[C@@H]1O,1
65448733,CCCCCCCCCCCC(=O)NC1CCCNC1,1
71576813,CC(C)CCCCCCC1=C(C=C(OC1=O)CC(C)C)O,1
45083262,CC1=C(C(=O)OC1O)[C@H](C)O,1
138753051,CCCCCCCCCCCC(CC(=O)N[C@@H]1CCOC1=O)O,1
10801711,COC(=O)[C@]12[C@H]3[C@](C)(O)[C@](C)(CC[C@]31OC)C21CC1,0
10631898,CN(c1ccncc1)n1cccc1C=O,0
119228060,COc1ccc(S(=O)(=O)NCCC(=O)N(C)C[C@@H](C)C(=O)O)cc1OC,0
57721036,CC1(C([C@H](CO1)O)(O)O)C,1
25200942,CC(=O)C(=O)[C@@H](CO)O,1
50991374,C1CSC(=O)[C@H]1NC(=O)CC2=CC(=CC=C2)[N+](=O)[O-],1
130807520,Cc1cc2scc(CC#N)c2cc1F,0
4650,C1=CC(=O)C=CC1=O,1
717531,COC1=C(C=C(C=C1)/C=C/C(=O)O)OC,1
QSIDB-10,C(CCCCC(=O)CC(=O)NC2=CC1=CC=NC=C1C=C2)CCCCO,1
137632157,COC1=CC=CC(=N1)C2=CN=C(C=C2)C(=O)OC,1
65284330,CCC[C@@H](N)CN1CCC(C)(C)CCC1=O,0
44581232,C1COC(=O)[C@H]1NC(=O)CCC2=CC(=CC=C2)C(F)(F)F,1
931281,C#CCn1c(O)c(/N=N/C(=O)COc2ccc(C)cc2)c2ccccc21,0
149310724,CC(C)(C)c1ccc(/C=C/C(N)=N/c2ccc3c(c2)OCCN3CC2CC2)cc1,0
106157755,C[C@@H](CBr)CCCNC(=O)c1ccc([N+](=O)[O-])n1C,0
57208848,CO[Si](CCCCN(CCCC[N-][N+]#N)c1ccccc1)(OC)OC,0
15754943,C[C@@]12C(=O)CC[C@@H]1CC=C1[C@@H]2CC[C@@H]2CC=CC[C@]12C,0
151121964,Nc1cc(Oc2ncccn2)cc2oc(=O)c(Cc3ccccc3)c(CF)c12,0
44452353,CCCCNS(=O)(=O)NC1CCOC1=O,1
AI-3-1,C1(=NC(=CN(C1=O)[H])C(C)C)CCSC,1
11393393,CCCCCCCCCC(=O)C(C(=O)N[C@H]1CCCC1=O)(F)F,1
169082691,COC1CCN(c2ncc3cc(C)ncc3n2)CC1,0
73292151,C1=CC(=CC(=C1)OC(F)(F)F)C2=NN=C(O2)N,1
24179360,CCCCCCCS(=O)(=O)N[C@H]1CCOC1=O,1
131200706,C=CCCN(C)c1nccs1,0
126025413,Fc1cccc(-c2ccc(/C=N/c3ccc4ncccc4c3)o2)c1,0
24764435,CCCCCCCCCC(=O)N[C@H]1CCSC1=O,1
44581741,C1COC(=O)[C@H]1NC(=O)COC2=CC=C(C=C2)[N+](=O)[O-],1
2112220,Cc1cc(OCc2nc3ccc(Cl)cc3[nH]2)c(C(C)C)cc1Cl,0
71311837,C1COC(=O)[C@H]1NC(=O)/C=C/C2=CC=C(C=C2)O,1
11036519,FC(F)(F)C(=C(Sc1ccccc1)Sc1ccccc1)c1ccccc1,0
28424259,Cc1ccc(O)c2c1[C@H](C)C[C@H]2Nc1ccccc1,0
25259491,C1COC(=O)[C@H]1NC(=O)CC(=O)CCCCCCCCCC2=CC=CC=C2,1
123226396,[H]/N=C1\COC/C(=N\[H])C1,0
AHLs-12,CCCCCCC\C(=C(/CCCCCCCC(=O)NC(C)C(=O)OC)[H])[H],1
ZINC238244834,CCCCCNC(=O)N[C@H]1CCOC1=O,1
10470602,CCCCCCCCCC(=O)CC(=O)NC1CCCCC1=O,1
9900992,CCCCCCCCCSCC(=O)N[C@H]1CCOC1=O,1
203897,CCCCCCCCCC(=O)NC1=CC=CC=C1,1
93905597,CN([C@@H](c1ccccc1)c1ccccn1)S(=O)(=O)c1ccc(Cl)cc1,0
90407365,C=C(c1ccccc1)c1ccc([Si](N(C)C)(N(C)C)N(C)C)cc1,0
AI-3-2,C1(=NC(=CN(C1=O)[H])C)CCSC,1
25014623,C1COC(=O)[C@H]1NC(=O)CC2=CC(=CC=C2)I,1
156421109,C=N/C=C\N=C(/C)[C@H](C)N(CCCCN)Cc1ncccc1C,0
239006,CCOC(=O)CNC(=O)CC1=CC=CC=C1,1
128694027,O=C(N[C@H](C1CCC1)C1CC1)N[C@@H]1CCCCC[C@H]1O,0
50991183,CCCCCCCCCC(=O)CC(=O)NC1CCCC1,1
80249409,Cc1ccsc1CNc1ccc(N)cc1C(F)(F)F,0
619409,CC1(C)CC(S)=NC1=C[C@]1(C)N=C(S)CC1(C)C,0
94469392,Cc1ccccc1-c1nnn(CC(=O)N[C@@H]2CCCc3c2cnn3C(C)(C)C)n1,0
72523,CCCCCCCCCCC[C@@H]1CCC[C@H](N1)C,1
117731347,CCO[C@@H]1CSc2c(N)cc(C)c(N)c2O1,0
ZINC000008214560(5363269),CCCCCCCC/C=C\CCCCCCCC(=O)OCC,1
107192110,CCCCC[C@H](O)[C@@H]1CCCC1(C)C,0
43249324,NCCSCCOc1ccc(S(N)(=O)=O)cc1,0
25023203,CCC(=O)C(=O)[C@H](CO)O,1
86697503,CC1(C)CC(=O)N[C@H]2CCC[C@H]2N1,0
172028483,CO/N=C1/CN(c2nc3c(cc2F)c(=O)c(C(=O)O)cn3[C@@H]2C[C@@H]2F)C[C@@H]1N,0
QSIDB-21,CC1=NC=C(C(=C1O)C=NNC(=O)[C@H](C)O)CO,1
110899302,NC(=O)[C@@H](c1ccc(F)cc1)N1CCC(CO)CC1,0
8959833,CCn1c(S[C@H](C)C(=O)Nc2ccc(OC)c(OC)c2)nnc1C1CC1,0
100309387,CCOc1ccc(N2C(=S)N[C@H](c3ccccn3)[C@@H]2c2ccc(C)o2)cc1,0
118735092,C1=CC=C(C(=C1)C(=O)NCC2=C(C(=CC(=C2)Br)Br)OC(=O)CCCN3C(=O)C=CC3=O)[N+](=O)[O-],1
126783448,COc1cccc2c1CCN(C(=O)Nc1ccnn1C[C@@H]1CCOC1)C2,0
150593031,[N-]=[N+]=Nc1c(-c2ccc(CNCCN3CCOCC3)nc2)ccc2ccccc12,0
161272887,O=S=N[C@@]1(C(=O)Cl)C=CC=C(c2ccccc2)C1,0
338,C1=CC=C(C(=C1)C(=O)O)O,1
101162154,C1COC(=O)[C@H]1NC(=O)CC(=O)CC2=CC=C(C=C2)C(F)(F)F,1
21304131,Cc1cc(Cc2ccc([N+]#[O+])c(C)c2)ccc1N=O,0
50991459,CCCCCC(=O)N[C@H]1CCSC1=O,1
11368902,CCCCCCCSCC(=O)NC1CCCC1,1
AHLs-15,CCCCCCCCCCCCCCCC(=O)NC(C)C(=O)OC,1
82228256,CCCCCCN1C(=NN=N1)CC(=O)O,1
44423216,CCCCCCCCC1=CC(=O)C2=CC=CC=C2N1O,1
87956089,OCCCSOSCCCO,0
1473625,COc1ccc(C(=O)Nc2cc3c(oc2=O)CCCC3=O)cc1,0
145720638,CCCCCCCCC1=C(C=C(OC1=O)CC(C)C)O,1
25014959,CC(C)(C)OC(=O)CC1=CC=C(C=C1)CC(=O)N[C@H]2CCOC2=O,1
6439522,CC(C)C1=C(C=C(C=C1O)/C=C/C2=CC=CC=C2)O,1
82709638,CCON[C@@H](C)c1c(C)cc(C)nc1C,0
24179363,C1CCC(CC1)CCC(=O)N[C@H]2CCOC2=O,1
116753907,COC1([C@H](O)Cc2cc(Cl)cc3c2OCC3)CCOCC1,0
6475695,CCC[C@H](C1=C(/C(=C/Br)/OC1=O)Br)OC(=O)C,1
44581649,C1COC(=O)[C@H]1NC(=O)CC2=CC(=C(C=C2)Cl)Cl,1
15488724,Clc1ccc(C2=C[C@H](c3ccccc3)N3C(=N[C@@H]4CCCC[C@H]43)N2)cc1,0
9815158,CCCCC1=CC(=C(Br)Br)OC1=O,1
77551485,CO[C@@H]1CCN(Cc2ncc3oc4ccc(Br)cc4c3n2)C1,0
13017312,CC(=O)c1sc2nc(/N=C/N(C)C)c(C#N)nc2c1Br,0
152619521,CCCCCCN1C(SCCCCC)=Nc2cccc3cccc1c23,0
21729106,CCC[C@H](C1=C(C(=C(Br)Br)OC1=O)Br)O,1
123462606,CC[C@@H]1C[C@H](NS(=O)(=O)C2CC2)C[C@H]1C(C)=O,0
53239067,CCCCCCCCNC(=O)CC(=O)NC1CCCCCC1,1
12565999,CC1=CN=C(C(=O)N1)C,1
53238393,CCCCCCCCCN(CC(=O)N[C@H]1CCOC1=O)N,1
11644197,COC(=O)[C@@]1(O)CC(=O)O[C@@H]1CC(C)C,0
56679686,C1CSC(=O)C1NC(=O)CC2=CC=C(C=C2)C3=CC=CC=C3,1
119404,C1C[C@H]2C(=O)N[C@H](C(=O)N2C1)CC3=CC=C(C=C3)O,1
11298197,CCCC(=O)N[C@H]1CCCC1=O,1
25258812,C1COC(=O)[C@H]1NC(=O)CCCCCCCCCC2=CC=CC=C2,1
101162148,C1COC(=O)[C@H]1NC(=O)CC(=O)CC2=CC=C(C=C2)F,1
38192010,NC(=O)N[C@@H](CC(=O)OCc1nnnn1C1CC1)c1ccccc1F,0
163903535,CC/C=C\C[C@H](N=CN)N(C)C/C(CC)=N\N(C)Cc1cccnc1,0
24179361,CCCCCCCCCS(=O)(=O)N[C@H]1CCOC1=O,1
9990707,CCC(C)[C@H]1C(=O)N2CCC[C@H]2C(=O)N1,1
149458297,CC1=C(C)[C@@H](F)[C@H](O)C(C)=C1F,0
102201698,CC(C)CCCC1=CC(=C(C(=C1)O)C(C)C)O,1
11229167,CCCC(=O)N[C@H]1CCCCC1=O,1
70684399,CCCCCC1=NN=NN1C2CCOC2=O,1
AI-3-3,C1(=NC(=C(N(C1=O)[H])CC)C)CCSC,1
2214347,C=CCOc1ccccc1CNc1ncn[nH]1,0
31877407,CC(C)CCN1C(=O)C[C@@H]([NH+]2CCN(c3ccc(O)cc3)CC2)C1=O,0
9865603,C[S+](CCC(C(=O)[O-])N)C[C@@H]1[C@H]([C@H]([C@@H](O1)N2C=NC3=C(N=CN=C32)N)O)O,1
669864,C1=CC=C(C=C1)NC(=O)CC2=CC=C(C=C2)Br,1
123580125,CC[C@@H](C)Cn1c(O)c2c(c1O)[C@H](CC(C)(C)C)C[C@@H]2CC(C)(C)C,0
171867881,NC(=O)[C@@H](O)[C@H](O)c1c(N)cccc1F,0
141428209,O=[N+]([O-])c1nnc2ccccn12,0
108114004,N[C@@H](CN1CCCC1)c1noc(-c2ccc(=O)[nH]n2)n1,0
90360510,CCCCC(CC)C(=O)N[C@H]1CCOC1=O,1
46185020,Nc1cccc2c1C1(CC2)CCc2cccc(N)c21,0
10621,C[C@H]1[C@@H]([C@H]([C@H]([C@@H](O1)OC[C@@H]2[C@H]([C@@H]([C@H]([C@@H](O2)OC3=CC(=C4C(=O)C[C@H](OC4=C3)C5=CC(=C(C=C5)OC)O)O)O)O)O)O)O)O,1
140033673,CC/N=N/N(CC)C(C)(C)C,0
106943539,C[C@@H](N)CC(C)(C)c1c(F)ccc(Br)c1F,0
52960962,Cc1cccc(NC2=N[C@H](c3oc4ccccc4c3C)N[C@H](N)N2)c1C,0
57353078,CC1=C(C#N)C(=O)NC(=O)C1=CNc1cccc2c1C(=O)c1ccccc1C2=O,0
44236032,CCCCCCCCCC(=O)CC(=O)NC1=CC=CC=C1,1
23654557,CCCCCCCCNC(=O)CC(=O)N[C@H]1CCOC1=O,1
108143503,CCNc1ncc([N+](=O)[O-])c(Sc2cc(F)ccc2F)n1,0
91221258,CCCCCC=CCC1=C(C(=O)C2=CC=CC=C2N1)C,1
26337851,Nc1ccc(C2=N[C@@H]3C(=O)N[C@@H](N)N=C3N=C2)cc1,0
668392,C1=CC(=CC=C1C2=NN=C(S2)N)Cl,1
21636733,CCCCCCC1=CC(=C(Br)Br)OC1=O,1
87952347,O=C1NC(=S)S/C1=C\c1ccc2c(c1)N(C(=O)c1ccco1)CCCO2,0
25014872,C1COC(=O)[C@H]1NC(=O)CC2=CC(=CC(=C2)C(F)(F)F)C(F)(F)F,1
169345683,COCCCNc1cccc(F)c1NC=C(C#N)c1nn[nH]n1,0
90394895,C=C(c1cc2ccccc2s1)c1cc(Br)c(C)cc1C,0
109004222,CCCCN(C)CC(=O)N1CCN(c2cccc(C)c2C)CC1,0
53238622,CCCCCCCCCC(=O)CC(=O)NC1=NC=CS1,1
10090405,CCC[C@H](C1=C(/C(=C\Br)/OC1=O)Br)OC(=O)C,1
28314693,Cc1cc2nc([C@H](C)[NH3+])n(Cc3ccccc3F)c2cc1C,0
68617,CN[C@H]1CC[C@H](C2=CC=CC=C12)C3=CC(=C(C=C3)Cl)Cl,1
21815567,Cc1nc(N)ncc1-c1ccc(Cl)cc1,0
44123560,CCCCCCCCCCCC(=O)[C@H](CC)O,1
23558807,C[C@@H](O)CNC(=O)N1CC(Oc2ccc3ccccc3c2)C1,0
44452323,CCCCCCCCCCNS(=O)(=O)NC1CCOC1=O,1
11389479,CC1=C2C(=CC(=O)O2)C=CO1,1
44583901,CCC[C@H](C1=C(/C(=C/Cl)/OC1=O)Br)O,1
3442,CCCCC1=CN=C(C=C1)C(=O)O,1
7076549,C1C(=O)N[C@H](C(=O)N1)CC2=CC=CC=C2,1
97774406,Cc1ccc2c(c1C)N[C@H]1[C@@H](CC[C@@H]1C(=O)O)C2,0
11346064,Nc1ccn([C@H]2CS[C@H](CO)C2(F)F)c(=O)n1,0
40516391,CC1(C)C[C@H]([C@H](CCN)Cc2ccccc2)CCO1,0
ZINC220823419,CCCCCCCC=C1C=CC(=O)O1,1
127037016,COC1=CC=C(C=C1)NC(=O)COC2=CC=C(C=C2)C3=NCCN3,1
4534674,CCCCCCCCCCCCCC(=O)NC1CCOC1=O,1
12051732,CCC1=C(/C(=C/Br)/OC1=O)Br,1
144551876,C[C@H](C[C@H](N)OS(C)(=O)=O)NC1=CC(=O)c2ccccc2C1=O,0
11321142,CC1=C2C=COC(=C2OC1=O)C,1
10376441,CCCCC(=O)CC(=O)N[C@H]1CCOC1=O,1
8864168,Cc1ccc(OCc2n[nH]c(=S)n2/N=C\c2cc(C#N)n(C)c2C)c(C)c1,0
24179365,C1COC(=O)[C@H]1NC(=O)COC2=CC=C(C=C2)OC(F)(F)F,1
HAQs-5,CCCCCC=CCC2=CC(=O)C1=CC=CC=C1N2O[H],1
101905205,CCCCCCCC1=CC(=C(C(=C1)O)C(C)C)O,1
145720639,CCCCCCCCCCC1=C(C=C(OC1=O)CC(C)C)O,1
71370961,C[C@]1([C@@H]2CC[C@](C)(N=[N+]=[N-])[C@H](O)C2)CO1,0
63791190,CCC[C@H]1SC[C@@H](C(=O)O)N1C(=O)/C=C/c1ccc(Br)o1,0
44452271,C1COC(=O)C1NS(=O)(=O)NCCCCC2=CC=CC=C2,1
89241663,C1COC(=O)C1NC(=O)C(C(C(C(F)(F)F)(F)F)(F)F)(F)F,1
9858860,CCCCCCCCCS(=O)(=O)CC(=O)N[C@H]1CCOC1=O,1
11357798,CCCCCCCSCC(=O)N[C@H]1CCOC1=O,1
446576,[B-]1(O[C@@]2([C@](O1)([C@H](CO2)O)O)C)(O)O,1
10058590,CCCCCC(=O)N[C@H]1CCOC1=O,1
80822091,Nc1ncc(F)c(NC[C@@H]2Cc3ccccc3O2)n1,0
95705812,CCCCCCCCCC(=O)CC(=O)N[C@H]1CCCCC1=O,1
131428216,Cc1sc2ccc(CO)cc2c1OC(F)F,0
56669533,CCCCCCCCCC(=O)CC(=O)NCCC1=CCCCC1,1
53237928,CCCCOCCCNC(=O)CC(=O)N[C@H]1CCOC1=O,1
20060002,O=C(O)C1(C(=O)O)Cc2c([nH]c3cccc(Cl)c23)CN1,0
114435508,CC(C)CCC[C@@H](C)Nc1cnn(C(C)C)c(=O)c1Br,0
44123585,C[C@]1(C([C@H](CO1)O)(O)O)O,1
52941579,CCCCCCC1=C/C(=C/Br)/OC1=O,1
91762302,CSc1ncc(C(=O)N[C@@H](C)c2nnc(N)s2)cn1,0
911348,C#CC[N+](C)(C)CC#Cc1ccc(Cl)cc1,0
91819973,CCCCCCCCCC(=O)/C(=C/C)/N,1
11413303,CCCSCC(=O)N[C@H]1CCOC1=O,1
127042324,CCCCCCCCCC(=O)CC(=O)NN1CCOC1=O,1
53420202,Cc1ccccc1-c1ncc(C(F)(F)F)[nH]1,0
25014869,CSC1=CC=C(C=C1)CC(=O)N[C@H]2CCOC2=O,1
155655,CCCCCCCCC[C@]1(CC[C@H](C(=O)O1)C)CO,1
104260499,CCOc1cccc(N[C@@]2(C(=O)O)CCOC2)c1[N+](=O)[O-],0
118735677,C1=CC=C(C(=C1)NC(=O)CC2=C(C(=CC(=C2)Br)Br)OC(=O)CCCN=C=S)[N+](=O)[O-],1
113284699,C[C@H]1C[C@H](N)CCN1c1nc2ccccn2n1,0
149424481,CN1CC[C@@H]2[C@@H](C=NN2N)C1,0
AHLs-1,C(=CC(=O)N([C@H]1CCOC1=O)[H])C2=CC=CC=C2,1
131870758,O=C(CCl)c1ccc([N+](=O)[O-])cc1C(F)(F)F,0
135117249,CN(C)c1nc(N2CC[C@@]3(C(=O)O)CCCN(C)[C@@H]3C2)cc(C(F)(F)F)n1,0
71539995,COC(=O)/C=C/c1c(F)cccc1N(C)N=O,0
56659166,C1CSC(=O)[C@H]1NC(=O)CC2=CC=CC=C2,1
5282742,CCCCCCCCCCCC/C=C/C(=O)O,1
11848495,C1COC(=O)[C@H]1NC(=O)CC(=O)CCCCCCCC2=CC=CC=C2,1
24179362,CCCCCCCCCCS(=O)(=O)N[C@H]1CCOC1=O,1
44240053,C1COC(=O)[C@H]1NC(=O)CC(=O)CCCCCCCCCCNC(=O)CCl,1
116273723,CCC1CCN(C(=O)N[C@H](CC(=O)O)CC(C)(C)C)CC1,0
88903142,C1COC(=O)[C@H]1NC(=O)C(C(F)(F)C(F)(F)F)(F)F,1
42120877,C=CCN(C(=O)CSc1n[nH]c(CC)n1)c1nc(-c2ccccc2)cs1,0
66670178,C/C=C\C1=CN2C(=O)c3cc(OC)c(OC)cc3N=C[C@@H]2C1,0
3037556,C([C@H]([C@@H]([C@@H]([C@H](C=O)O)O)O)O)O,1
44239899,C1COC(=O)[C@H]1NC(=O)CC(=O)CCCCCCCCCCN=C=S,1
147044669,[H]/N=C(\F)C(F)=C(F)NC=C,0
108113576,CC(C)N(CC(F)(F)F)C(=O)c1ccc(=O)[nH]n1,0
58615284,CC(C)(C)[C@@H]1C=CN=C1,0
97166156,O=[S@@](Cc1ccccn1)[C@H]1CCNC1,0
122718048,Cc1cc(C)c(NC(=O)c2ccc3c(c2)OC(C)(C)C(=O)N3)c(Cl)c1,0
57071232,COC[C@H](OC(C)=O)c1ccc2c(c1)N[C@@H](C)C2(C)C,0
10404535,CCCCCCCCCC(=O)CC(=O)NC1=CC=CC(=C1)C(=O)N,1
75552,C=CCSSSSCC=C,1
124350905,CC(C)C[C@H]1C(=O)N2C[C@H](C[C@@H]2C(=O)N1)O,1
22442523,NC(=O)Oc1ccc(OCc2nc3ccccc3s2)cc1Cl,0
171374356,Cc1ccc(C2=N[C@H](C(=O)O)CS2)cc1F,0
89517467,c1csc(-c2ccc(-c3ccc4c(ccc5c6cccnc6ccc45)n3)s2)c1,0
168487520,COC(=O)c1nc2nc(C)c([N+](=O)[O-])cc2[nH]1,0
57401661,C[C@H]([C@H](C(=O)C(=O)C)O)O,1
25113697,C1COC(=O)C1NS(=O)(=O)NCC2=CC=CC=C2,1
87421114,C[C@@]1([C@H]2CCCN2C=O)CCNC1,0
8452,C1CCC(=O)C1,1
76325248,C1CC(=C2C1=CC(=O)O2)Br,1
10733696,c1cc2[nH]cc(CCCN3CCCCC3)c2cc1-n1cnnc1,0
131122951,Cc1nc(N[C@@H](C)CN)ncc1Br,0
137633577,COC(=O)C1=NC=C(C=C1)OCC(=O)NC2=CC=CC=C2,1
165411778,Cc1ccc(C(=O)Nc2ccc3c(c2)/C(=C/c2ccc(C)s2)C(=O)N3C)cc1,0
116775712,CCO[C@H](c1ccccc1)c1nc(C)c(C)c(N)n1,0
60118386,CN(C)c1ccc(/C=C/c2cc(-c3cc4c([nH]3)CCNC4=O)ccn2)cc1,0
44240052,C1COC(=O)[C@H]1NC(=O)CC(=O)CCCCCCCCCNC(=O)CCl,1
154747304,CC(C)c1cnc(N=C(N)N)s1,0
62435396,CCCNCc1ccoc1CN(Cc1ccsc1)C1CC1,0
5405,CC(C)(C)C1=CC=C(C=C1)C(CCCN2CCC(CC2)C(C3=CC=CC=C3)(C4=CC=CC=C4)O)O,1
5280569,C1=CC(=C(C2=C1C=CC(=O)O2)O)O,1
66509140,C[C@H](O)[C@H]1C(=O)N2[C@@H]1CC(=O)[C@]2(Cc1ccc([N+](=O)[O-])cc1)C(=O)O,0
143426272,CC1=CCCC(C)(C)/C1=C/CC(C)C,0
70696952,CCCCCC1=CN(N=N1)CC(=O)OCC,1
166711299,C[C@@H]1CC=C(Br)C=C1C1=C2C=CC=C(N2)c2ccccc2[C@H]1C,0
11536588,CCCCCCCCCNC(=O)CC(=O)C1=CC=CC=C1,1
75088841,CO[C@@H]1C=NC=NC1=S,0
850335,CCOC(=O)c1cnn(-c2cc(OC)ncn2)c1C,0
80124620,Cc1cc(C)cc(CS(=O)(=O)Cc2c(N)cccc2Br)c1,0
101159894,CCCCCC(=O)N[C@H]1C[C@@H](OC1=O)CO,1
53238849,CCCCCCCCNC(=O)CC(=O)NC1=CC=CC=C1C(=O)N,1
69757690,CCCCCCCCCCCCCCCCCC(=O)N[C@H]1CCOC1=O,1
10059709,CCCC(=O)CC(=O)N[C@H]1CCSC1=O,1
94900657,C[C@@H](CC(=O)O)CC(=O)NC(=O)N1CCO[C@H](C)C1,0
7407985,Cc1ccc(N2C(=O)[C@@H]3C(c4ccc(Br)cc4)=NO[C@@H]3C2=O)c(C)c1,0
53239066,CCCCCCCCNC(=O)CC(=O)NC1=CC=CC=N1,1
147218847,COC(=O)[C@@H]1C[C@H](CC(=O)c2ccc3ccccc3c2O)CN1CCC(C)(C)C,0
165677863,Cc1cc(C)c(CC(F)(F)C(=O)O)c(Cl)n1,0
56662665,C1CSC(=O)C1NC(=O)CC2=CC(=CC=C2)[N+](=O)[O-],1
12914774,CCCCC1=CC(=C)OC1=O,1
142986163,C=CC1=C(C=C)[S@](=O)C2=C(C=CC/C=C\C2)N1S,0
53237705,CCCCCCCCN(CCO)C(=O)CC(=O)N[C@H]1CCOC1=O,1
57398075,CCCCCNC(=O)C1CCCC1=O,1
65843104,CCc1cc(CN2CC/C(=N/O)c3ccccc32)n(C)n1,0
25023205,CCCCC(=O)C(=O)[C@H](CO)O,1
101603212,C=C1C(=O)O[C@@H]2[C@H]1CC[C@H](COC(=O)C(C)C)[C@@H]1CCC(=O)[C@@]21C,0
115614286,O=[N+]([O-])c1ccc(CNCc2ccoc2)o1,0
136780122,COc1ccc([C@H](C)Nc2nc(-c3ccccc3)cc(=O)[nH]2)cc1,0
6394766,OC(O)CN1[C@@H]2CCCC[C@H]2[C@@H]2CCCC[C@@H]21,0
137577368,N#CC1=COC(N)=C(C#N)[C@H]1c1ccccc1-c1cccs1,0
165443437,C[C@@H]1COC[C@@]1(O)C1(CN)CC1,0
64691736,N#CC[S@](=O)c1ccc2ccccc2c1,0
82668442,CC[C@H]1CN[C@@H](C)CN1CCO,0
5282735,CCCCCCCCCC/C=C/C(=O)O,1
11232007,CCCCCCCS(=O)(=O)CC(=O)N[C@H]1CCOC1=O,1
10221437,CCCCCCCCCCCC(=O)N[C@H]1CCOC1=O,1
44430879,Cc1cc2cc(Nc3ncc(C#N)c(-c4ccccc4)n3)ccc2[nH]1,0
54613513,COn1nnc2c(Cl)c3[nH]ccc(=O)c3cc21,0
2061,C1=C(C=C(C(=C1O)O)O)C=C(C#N)C#N,1
25014705,C1COC(=O)[C@H]1NC(=O)CC2=CC=C(C=C2)I,1
25258814,C1COC(=O)[C@H]1NC(=O)CCCCCCCCCCCC2=CC=CC=C2,1
11435036,CC1=CC2=CC(=O)OC2=CO1,1
11286652,CC1=CC2=C(C(=O)OC2=CO1)C,1
128783642,CC(C)(C)c1nsc(NC(=O)N2CCC3(CCC3)S(=O)(=O)CC2)n1,0
118735086,C1=CC=C(C(=C1)NC(=O)CC2=C(C(=CC(=C2)Br)Br)OC(=O)CNC(=O)CCl)[N+](=O)[O-],1
13497401,CC(C)Cc1cc[nH]c1-c1ccccc1,0
162531099,CCOc1cc(C(=O)OC)cc2c1OC(C)(C)O2,0
50962003,CC(C)Cc1nc(-c2cccc(C#CC(C)(C)O)c2)n[nH]1,0
147774526,CC[C@@H](C)NC1=C(C)C=C(c2ccc(-n3cnc(C)c3)c(OC)n2)[NH2+]N1,0
53238848,CCCCCCCCNC(=O)CC(=O)NC1=C(C=CC(=C1)Cl)O,1
88540523,Cc1c(Cl)cc(CCN)c(-c2cccc(F)c2)c1C#N,0
66461322,Cc1ccc(C[C@H](O)c2ccc3c(c2)CCO3)nc1,0
151674767,CCCC[Si@](C)(N=[N+]=[N-])C(CC)(CC)[SiH2]C(C)C,0
10491439,CC(C)/C=C\1/C(=O)N[C@H](C(=O)N1)CC2=CC=CC=C2,1
154352864,N[C@@]1(c2cccc(-c3ccncc3)c2)N=CC=C(NCCCN2CC=NC2)N1,0
8553326,Cc1ccnn1-c1ccc(C(=O)OCC(=O)N2CCCC2=O)cc1,0
50991279,C1CCC(C1)NC(=O)CC2=CC(=CC=C2)[N+](=O)[O-],1
151064019,CC(C)(C)Oc1cccc([C@@H](O)N=[N+]=[N-])c1OC(F)(F)F,0
71405451,CCCCCCC=CCCCC=CC(=O)N[C@H]1CCOC1=O,1
4529307,C1=C(C(=C(C(=C1[N+](=O)[O-])O)O)O)[N+](=O)[O-],1
148104797,C[C@H]1[C@H](/C=C/c2ccc(-c3ccccc3C#N)cn2)[C@H]2OC(=O)C[C@H]2C[C@H]1C,0
131310259,O=C(O)c1cn2c(-c3cncs3)ncc2s1,0
64982,C1=CC=C(C=C1)C2=CC(=O)C3=C(C(=C(C=C3O2)O[C@H]4[C@@H]([C@H]([C@@H]([C@H](O4)C(=O)O)O)O)O)O)O,1
53786544,Cc1ncc(COC(=O)[C@@H](N)C(C)(C)S)c(CO)c1O,0
13374000,CN(C)Cn1c(=O)sc2ccccc21,0
165169506,[C-]#[N+]c1ccc(CO)c2ccccc12,0
6914579,CCCCCCCC(=O)N[C@H]1CCOC1=O,1
159165579,CCC(C)(C)C(=O)O[C@H](CC(C)C)[C@@H](C)[C@@](C)(O)C(F)(F)F,0
600310,CCCCCCC1=CC(=O)C2=CC=CC=C2N1O,1
129835684,CCCCCCCCCC1=NC2=CC=CC=C2C(=O)C1O,1
21487557,CC(C(=O)C(=O)CO)O,1
13624111,CCCCC1=CN=C(C=C1)C(=O)OCC,1
149891529,O=S1(=O)C[C@@H]2O[C@H]3C[C@@H]2[C@@H]1C3,0
101162144,COC1=CC=C(C=C1)CC(=O)CC(=O)N[C@H]2CCOC2=O,1
445154,C1=CC(=CC=C1/C=C/C2=CC(=CC(=C2)O)O)O,1
53484106,CCCCCC(=O)CC(=O)N[C@H]1CCSC1=O,1
123401406,Cc1sc(C(=O)c2cnnn2C)c(C)[n+]1C,0
127293,CCCCCC(=O)CC(=O)N[C@H]1CCOC1=O,1
169099877,CC(F)(F)[C@@]1(C#CC2CC2)N=CNc2cc(Br)ccc21,0
10243563,CCCCCCCCCC[C@H](CC(=O)OC)O,1
127899882,N#Cc1c(NC(=O)CCN2CCn3ncnc3C2)sc2c1CCC2,0
131237418,COC1(/C=C/CN)CCCCC1,0
289,C1=CC=C(C(=C1)O)O,1
40610542,CCCC(=O)N[C@H]1CCSC1=O,1
71627311,CC(C)CC(=O)N[C@H]1CCOC1=O,1
93051,CC(=CCCC(=CCCC(=CC(=O)O)C)C)C,1
16127328,CCCCCCC1=C(/C(=C/Br)/OC1=O)Br,1
12530,CCCCCCCCCCCCC(=O)O,1
139826662,CCOc1ccc(CCCc2ccc(O)cc2O)c(OCC)c1,0
53237461,CCCCCCCCOC(=O)CC(=O)N[C@H]1CCOC1=O,1
146026985,O=C(NCC(F)F)c1ncc(Br)cc1F,0
143979666,CCCC/N=C1\SC[C@@H]2[C@@H](O)[C@H](O)C[C@@H](O)N12,0
AHLs-7,C1([C@@H](CCO1)N(C(CC(CCCC=CCCCCCC)O[H])=O)[H])=O,1
94663115,CC[C@H](C(=O)N1CCC(CN2CCN(C)CC2)CC1)c1ccccc1,0
21729107,CCC[C@H](C1=C(/C(=C/I)/OC1=O)Br)O,1
44469605,CC1=C(/C(=C\Br)/OC1=O)Br,1
115669461,O=C(Nc1cccc(Cl)n1)[C@H]1C[C@@H]2CC[C@H]1C2,0
24892809,CCCCCCCCCC(=O)[C@H](CC)O,1
62959932,N/C(=N\O)[C@@H](NC(=O)c1ccc(Br)cn1)C1CCCCC1,0
53238620,CCCCCCCCCC(=O)CC(=O)N[C@H]1CC(=O)NC1=O,1
133134619,CCO[C@@H]1COC[C@H]1NC(=O)c1nc(N)n[nH]1,0
103375160,COc1ccc([C@@]2(N)[C@@H]3CCCC[C@@H]32)nn1,0
170948217,COC(=O)c1ccc2nc([C@H]3CC[C@@H](C(=O)OC(C)(C)C)CC3)sc2n1,0
122163439,NS(=O)(=O)CC1(C(=O)O)COC1,0
44452354,CCCCCNS(=O)(=O)NC1CCOC1=O,1
133332314,CC(C)(CCO)CNc1ncccc1S(N)(=O)=O,0
149830209,N#Cc1c[nH]cc1-c1cccc2c1C(F)(F)C(F)(F)O2,0
779,C(CO)C(C(=O)O)N,1
44449541,CCCCCCCCC1=CC=C(C=C1)C(=O)N[C@H]2CCOC2=O,1
57392938,C[C@@H]([C@@H](C(=O)C(=O)C)O)O,1
89774419,Cc1cccc2c1C(=O)N(C1CC1)CCC2,0
114207536,C[C@@]1(Cn2c(C(=O)O)cc(O)cc2=O)CCCO1,0
97330330,Cc1ccnc([C@@H](NC(=O)c2ccn3ccnc3c2)C2CC2)n1,0
17164375,CCCCCCCCCCCC(=O)NN1CCCCC1,1
44578158,CCCCCC(=O)NC1=C(COC1=O)Br,1
25062607,C=CCN(c1ccc(N2CCNCC2)cc1)S(=O)(=O)c1cc2ccccc2o1,0
152185909,C#C[C@@H]1CCCN1C(=C)C=O,0
120201388,Cc1cc(CCCC(=O)Nc2ccc(CCC(=O)O)cc2)c(C)s1,0
88653810,CC[C@@H](C)S[P@@](=S)(NC=O)OC,0
594526,CCCCCCCCC1=CC(=O)C2=CC=CC=C2N1,1
10891902,CCCCCCCCCC(CC(=O)N[C@H]1CCOC1=O)O,1
24179358,CCCCCCCCS(=O)(=O)N[C@H]1CCOC1=O,1
11818497,C1COC(=O)[C@H]1NC(=O)CSC2=CC=C(C=C2)Cl,1
128272112,O=C(N[C@@H]1CCC[C@H]1CCO)N[C@@H]1CCCC12CCOCC2,0
61551386,C[C@@H]1CCN(C(C2CC2)C2CC2)CCCN1,0
172707437,CC(C)n1nc(C=NO)c2cnccc21,0
8997385,COc1ccc(C)cc1C[N@H+]1CC[N@H+]([C@@H](C)C(=O)N(C)c2ccccc2)CC1,0
116814948,NC(=O)[C@@H]1CN(S(=O)(=O)CCCCCl)c2ccccc2O1,0
9881496,C1=C(/C(=C\Br)/OC1=O)Br,1
85266336,CC(C)(C)[C@H]1COC(C2(C3=N[C@@H](C(C)(C)C)CO3)CCCCC2)=N1,0
44449542,C1COC(=O)[C@H]1NC(=O)CC2=CC=C(C=C2)C3=CC=CC=C3,1
70692863,C1COC(=O)C1N2C=C(N=N2)CCC3=CC=CC=C3,1
85054046,CC(C)CCCCCC=CC=CC(=O)O,1
79762761,COCCNCCc1nnc([C@@H]2CCO[C@H]2C)s1,0
101905206,CC(C)CCCCCC1=CC(=C(C(=C1)O)C(C)C)O,1
134667972,COc1nc(C(F)F)cc(OC(F)(F)F)c1[N+](=O)[O-],0
60654366,CC(C)CN(CCC#N)C(=O)c1ccc2c(c1)OCO2,0
QSIDB-22,CC2=CC1=CC(=O)OC1=C(C)O2,1
81992146,O=C(O)C[C@@H](NS(=O)(=O)c1cc[nH]c1)C1CC1,0
145267020,Cn1nc(-c2cc([S@](C)=O)c(Cl)cc2Cl)c(=O)cc1C(F)(F)F,0
137499702,O=C(O)CC[n+]1ccc(-c2ncccn2)cn1,0
25014708,C1COC(=O)[C@H]1NC(=O)CC2=CC=C(C=C2)[N+](=O)[O-],1
53237924,CCCCCCCCCCCNC(=O)CC(=O)N[C@H]1CCOC1=O,1
13123639,CC1=CNC(=O)C(=N1)C,1
141588968,O=C(OC[C@@]1(O)C=CC=CC1)C1CCCC1,0
9856730,CCCCCCCCCC1=CC(=O)C2=CC=CC=C2N1,1
56935690,CCCCNC(=O)C1CCOC1=O,1
370,C1=C(C=C(C(=C1O)O)O)C(=O)O,1
10821724,CC(C)C1C(=O)N2CCC[C@@H]2C(=O)N1,1
12201888,CCCCCCCCCCCCC[C@@H](CC(=O)OC)O,1
10492558,C=CCO[C@@H]([C@@H](F)CO)[C@H]1COC2(CCCCC2)O1,0
129167188,C=CCN(C[C@@](C)(CC)CCCC)C(=O)/C=C/CN(C)C,0
56659168,CCCCCCCCCC(=O)CC(=O)NCC1=CC(=CC(=C1)F)F,1
131485502,Cc1ccc(C(C)(C)N)cc1C#N,0
148604702,CC(C)C[C@@H]1[C@@H](CCC2CCCC2)C[C@H]1C,0
142712414,CCC[C@H](C)[C@H](C)C(C)(C)OC[C@H](C)O,0
11820073,CCC(=O)CC(=O)N[C@H]1CCOC1=O,1
6925,CC1=CC=CC=C1S(=O)(=O)O,1
151159179,N[C@H](NCCO)[C@H](O)[C@H](O)CCC1CCCCC1,0
141226247,C=Cc1ccc(CCc2cccnc2CCNC)cc1,0
139744682,CCCCC[C@H](CNc1ncc(C)s1)c1c(C)cccc1C,0
44581279,C1COC(=O)[C@H]1NC(=O)CCC2=CC=C(C=C2)[N+](=O)[O-],1
111002517,C/N=C(\N[C@H](C)C(C)C)N[C@@H]1C[C@H]1c1ccccc1F,0
89573183,CC(C)CCCCC=CC/C=C\C(=O)O,1
135727986,CCCc1[nH]n(-c2ccccc2)c(=O)c1/C(C)=N/c1ccccc1Cl,0
81142522,CC[C@@H](C)[C@@](C)(O)c1cccc2ccsc12,0
7302,C1CC(=O)OC1,1
23400051,CC(C)CC[C@@H](O)C(C)(C)O[S@](=O)O,0
21024128,CCCC(C1=C(/C(=C/Br)/OC1=O)Br)Br,1
67941372,CC1=CC=C(Br)[C@@H]2N[C@]3(C)NC[C@@H](C)C3=C12,0
10221060,CCCCCCCC(=O)CC(=O)N[C@H]1CCOC1=O,1
38050302,Cc1cc(C[NH2+]Cc2ccnc(-n3cccn3)c2)c(C)n1-c1ccc2c(c1)CCC2,0
101162138,C1CCC(CC1)CC(=O)CC(=O)N[C@H]2CCOC2=O,1
64285175,CNC(=O)NC(=O)CSc1cc(N)cc(F)c1,0
10425205,CCCCCCCCCC(=O)CC(=O)NC1=CC=CC=C1O,1
80349127,C[C@@H]1CCC[C@@H](CN)N1c1ccc(C(N)=O)nn1,0
101241961,CC1=C(C(=O)OC1O)[C@@H](C(C)(C)C)O,1
75245,C1=CC=C2C=C(C=CC2=C1)C(=O)N,1
4434525,C1CCC(C1)NC(=O)CC2=CC=CC=C2,1
12733519,CCCCCC(C1C=CC(=O)O1)O,1
159100963,C(=C\c1ccc2c(c1)CC2)\c1cccc(/C=C\c2ccc3c(c2)CC3)c1,0
133655663,CCCCCCCCCC(CC(=O)N[C@@H]1CCOC1=O)O,1
154501886,C[SiH2]CC[Si@@H](C)N(C(C)C)C(C)C,0
50991377,C1CSC(=O)[C@H]1NC(=O)CC2=CC=C(C=C2)C3=CC=CC=C3,1
135542638,CCOC(=O)C(C1=N/C(=N\C(=O)c2cccs2)c2ccccc21)=C(C)O,0
44449543,CCOC1=CC=C(C=C1)CC(=O)N[C@H]2CCOC2=O,1
59918131,CC(=O)O[C@H]1CC[C@H]2c3ccc4c(c3CC[C@@]12C)CC[C@H](O)C4,0
150272557,CC(C)Oc1ccc(C(=O)N=[N+]=[N-])c(Cl)c1,0
115252297,CC(C)[C@@H](CO)CNCC(C)(C)c1cccnc1,0
118527491,CCc1cc(CCNS(C)(=O)=O)cc(OC[C@H](F)CN)c1,0
49129391,CCN(C)Cc1cccc(CNC(=O)N2CCN(Cc3ccccc3F)CC2)c1,0
139587626,C1[C@H](CN2[C@@H]1C(=O)N[C@H](C2=O)CC3=CC=C(C=C3)O)O,1
50991276,CCCCCCCCCC(=O)CC(=O)NCCC1=CC=CC=C1,1
133133250,COCCN1C(=O)[C@@H]2CC[C@H]1CN(C(=O)c1oc3cc(C)ccc3c1C)C2,0
118735088,C1=CC=C(C(=C1)NC(=O)CC2=C(C(=CC(=C2)Br)Br)OC(=O)CN3C(=O)C=CC3=O)[N+](=O)[O-],1
170464519,CNCCC#Cc1cccc2c1CNC2=O,0
78240073,COc1ccc(C=C(Sc2n[nH]c(C)n2)C(=O)[O-])c(OC)c1,0
49233895,O=C(CN1CCC[C@H]1CN1CCc2ccccc21)NC[C@@H]1CCS(=O)(=O)C1,0
167167482,OOc1ccc(CBr)cc1,0
QSIDB-6,C1=CC=C(C=C1)CNC(=O)NC2CCOC2=O,1
3320713,CCCCCCCCCC(=O)NC1CCCC1,1
56683015,CCCCCCCCCC(=O)CC(=O)NCC1=CC=CO1,1
44581696,C1COC(=O)[C@H]1NC(=O)COC2=CC=C(C=C2)Br,1
44239901,C1COC(=O)[C@H]1NC(=O)CC(=O)CCCCCCCCCNC(=O)CBr,1
40061262,C[C@@H]1CN([C@@H](C)C[N-]S(=O)(=O)[N@H+]2CC[C@H](C)CC2)C[C@H](C)O1,0
ZINC315641037,CCCCCCCCCCCCNC1=CC=C(C=C1)C(=O)N,1
85151059,C[n+]1cn(N=CC=C=N)c2ccccc21,0
149556341,CC1=C(CO)CC[C@@H]1N,0
126832213,CC(C)(C)n1cnnc1SCc1cnc(-c2ccccc2)o1,0
70069536,CC(C)(C)OC(=O)c1n[nH]c2cc([N+](=O)[O-])ccc12,0
6783205,CC1=NC=C(CO)C(=CNNC(=O)c2cc3c(s2)CC[C@H](C)C3)C1=O,0
121543307,CO[C@H](C)CS(=O)(=O)N1CCC[C@@H](c2nnc3n2CCC3)C1,0
171188137,O=C1N[C@H](c2ccc3cc[nH]c3c2)C(F)(F)CO1,0
24936642,C1COC(=O)[C@H]1NC(=O)CC2=CC=C(C=C2)Cl,1
10398228,C/C=C/C(=O)CC(=O)N[C@H]1CCOC1=O,1
150745884,C=C(C)C(=O)O[C@@H](C)Cc1cc(OC)ccc1N=[N+]=[N-],0
145720640,CC(C)CCCCCCCCC1=C(C=C(OC1=O)CC(C)C)O,1
102892,CC(C)CC1C(=O)N2CCCC2C(=O)N1,1
130975275,O=C1CCCC[C@@H](n2cncn2)C1,0
AHLs-3,C1([C@@H](CCO1)N(C(CC(CCCC(C)C)O[H])=O)[H])=O,1
127041050,CCCC(=O)NN1CCOC1=O,1
11300237,CCCCCCCSCC(=O)NC1CCCCC1,1
HAQs-6,CCCCCCC=CCC2=CC(=O)C1=CC=CC=C1N2O[H],1
67138,C1=CC(=CC(=C1)S(=O)(=O)N)[N+](=O)[O-],1
57202475,CCOC(=O)C1=C(C)NNC1=C1N=CC=C1c1c(CC)cccc1CC,0
44581185,C1COC(=O)[C@H]1NC(=O)CCC2=CC(=CC=C2)Br,1
146377965,CC(C)(C)n1ncc(F)c1F,0
138474836,CN1CC(S)(S)[C@@H](S)[C@@H]1S,0
83874771,CN[C@H]1CCc2c1ncn2C1CC1,0
56662028,CCCCC/C=C/CCC(=O)CC(=O)N[C@H]1CCOC1=O,1
82232049,Cc1cc2oc(C3CCCCC3)nc2c(C)c1N,0
AHLs-10,CC(C)CC(O)CC(=O)N[C@H]1CCOC1=O,1
11334644,C1COC(=O)[C@H]1NC(=O)CSC2=CC=C(C=C2)O,1
14540002,CCOC(=O)C1=NC=C(C=C1)C2=CC=CC=C2,1
146647505,CCCCC/C(=N\C)N(C)C[C@@H]1CC[C@@H](C#N)C[C@@H]1C,0
10131246,C1=C(/C(=C/Br)/OC1=O)Br,1
44581692,CC1=CC(=CC=C1)OCC(=O)N[C@H]2CCOC2=O,1
11507677,CCCCCCCCCC(CC(=O)NC1CCOC1=O)O,1
443438,CCCCCCC=CCCCC(CC(=O)N[C@H]1CCOC1=O)O,1
62527985,Cn1ccc(NC2=NC3(CCCCC3)CS2)n1,0
139238730,C/C(=N\[O-])C(C)(C)NCCCCNC(C)(C)/C(C)=N/O,0
166987661,O=C1NCc2nc(-c3c(F)cccc3F)nc(NNC3CCNCC3)c21,0
16315,C=CCSSSCC=C,1
9921011,CCCCCC1=C(C(=O)C2=CC=CC=C2N1)O,1
12719908,CCCC(C1C=CC(=O)O1)O,1
11572012,C1CC(C=C1)CC(=O)N[C@H]2CCOC2=O,1
45267702,CCCCCCCC(=O)C(=O)[C@H](CO)O,1
57403247,CCCCCNC(=O)C1CCCC1O,1
58720182,CCCc1cnc([C@@H]2Cc3cc(Cl)ccc3N2C(=O)[C@@H](N)CC)[nH]1,0
15664382,CCOP(=O)(OCC)[C@H]1CC(=O)O[C@@H]1C(C)C,0
69448001,CC(C)[C@@H]1SC(N[C@@H](C)c2ccc(C(F)(F)F)cc2)=NC1=O,0
44581184,C1COC(=O)[C@H]1NC(=O)CCC2=CC=C(C=C2)Cl,1
24179234,C1COC(=O)[C@H]1NC(=O)CCC2=CC=C(C=C2)Br,1
8153500,Cc1ccccc1NC(=S)NCc1ccc(CN2CCCC2)cc1,0
11617,C=CCSCC=C,1
24896394,CCCCCCCCCCCC(=O)NN1CCCC1,1
123335657,O=c1c2ccc(C#Cc3ccccn3)cc2nc2n1[C@@H]1[C@@H]3[C@H]2[C@@H]31,0
139442853,Cc1cn(C2=C[C@@H](COCC(C)C)OC2)c(=O)n(CC(C)C)c1=O,0
62062479,CCN([C@@](C)(CC)CN)S(=O)(=O)c1cn(CC)c(C)n1,0
14661815,C=CC(C=C)OC(=O)CI,0
20884079,CCc1nn([C@@H](CC)C(=O)NCCOC)c(=O)c2cc3oc(C)cc3n12,0
ZINC1263720605,C1=CC=C(C=C1)CCCCCNC(=O)N[C@H]2CCOC2=O,1
28860756,CC(C)(C)[C@H]1CCc2c(sc(NC(=O)c3ccncc3)c2C(=O)[O-])C1,0
76695005,CNC(=S)NCCSC[C@@H]1O[C@H]2OCCCCC[C@@H]1[C@@H](O)[C@H]2O,0
70688652,CCCCC1=CN(N=N1)C2CCOC2=O,1
113888759,CCC[C@@H](OC)[C@H](NC)c1c(C)cc(C)cc1F,0
11637972,C1COC(=O)[C@H]1NC(=O)CC2=CC=C(C=C2)Br,1
116002956,CCN[C@H](C)Cc1csc(CC#N)n1,0
82698676,CCc1cc(CC)n(-c2c(CNC3CC3)c(C)nn2C)n1,0
32781738,Cc1cc(O)c(C[N@@H+](C)Cc2cccc(C#N)c2)cc1C(C)C,0
123852203,COC(=O)Nc1n[nH]c2cc(NC(N)=O)ncc12,0
28923556,C[C@@H]1CCC[N@H+](Cc2c([O-])c(Cl)cc3c(-c4ccccc4)cc(=O)oc23)C1,0
56935708,CCCCCNS(=O)(=O)C1CCOC1=O,1
80712002,CC1(C)C[C@H](Nc2ccnc(Cl)c2)c2ccccc2O1,0
71576815,CC(C)CCCCC1=C(C=C(OC1=O)CC(C)C)O,1
56665646,C1COC(=O)C1NC(=O)CCCOC2=CC=C(C=C2)Cl,1
AHLs-13,CCCCCC\C(=C(\CCCCC\C(=C(\C(=O)NC1CCOC1=O)[H])[H])[H])[H],1
11021563,CCCCCCCCCCC[C@@H](CC(=O)OC)O,1
24100612,NNc1nc(=O)[nH]c2c3c(sc12)CCC3,0
11277609,CCCCCCCSCC(=O)NC1CCCCC1=O,1
192731,CC(C)C[C@H]1C(=O)N[C@H](C(=O)N1)CC(C)C,1
67038205,CCCCCS(=O)(=O)N[C@H]1CCOC1=O,1
14800550,Cc1nsc(Oc2ccc(Cl)cc2)c1[N+](=O)[O-],0
50991277,CCCCCCCCCC(=O)CC(=O)NCC(=O)OCC,1
66584822,O=C1c2cc(Br)ccc2C[C@]12CCCC1=C(CCC=C1)C2,0
19098258,Clc1ccc2c(c1)[C@H]1CCC[C@H](C1)O2,0
69036181,C/C=C(/C)C1(O)CCCCCCCCCCC1,0
25015212,CCCCCCCOC1=CC=C(C=C1)C(=O)N[C@H]2CCOC2=O,1
151687004,CCCCCCS(=O)(=O)c1cccc2c1C(=[N+]=[N-])C(S(=O)(=O)N=[N+]=[N-])=N2,0
44581186,C1COC(=O)[C@H]1NC(=O)CCC2=CC=C(C=C2)I,1
12201887,CCCCCCCCCCCCC[C@H](CC(=O)OC)O,1
57339999,CC(C)[C@]1(O)[C@H](O)[C@@H]2O[C@]23[C@]2(O[C@H]2C[C@@H]2C4=C(CC[C@@]23C)C(=O)OC4)[C@@H]1O,0
10935915,CCCCCCCCCC(=O)CC(=O)N[C@H]1CCSC1=O,1
25027489,CCCCCCCCCC(=O)CC(=O)NN1CCCC1,1
53237929,CCOCCOCCNC(=O)CC(=O)N[C@H]1CCOC1=O,1
53238617,CCCCCCCCCCCS(=O)(=O)CC(=O)N[C@H]1CCOC1=O,1
875826,C1CCC(C1)NC(=O)CC2=CC=C(C=C2)Br,1
20640517,CCn1c(C=C[C@@H]2C[C@H](C)CN2C(=O)[O-])cc2ccc(C#N)cc21,0
164822130,[C-]#[N+]c1cccc(N2CC[C@@H](NC(=O)[C@@H](C)[C@H](C)c3nc4ccccc4[nH]3)C2)c1,0
134066986,C=CCn1c(=S)sc2c(NN/C=C3\C=CC(=O)C(OC)=C3)ncnc21,0
86133871,S=C(c1nc(-c2ccccc2)cs1)N1CCCCC1,0
10131761,CCCCCCCCNS(=O)(=O)CC(=O)N[C@H]1CCOC1=O,1
101162168,C1COC(=O)[C@H]1NC(=O)COCC2=CC=CC=C2,1
118735084,C1=CC=C(C(=C1)NC(=O)CC2=C(C(=CC(=C2)Br)Br)OCCCN=C=S)[N+](=O)[O-],1
86259987,C[C@H](CCC=CCO)CCO[Si](C)(C)C(C)(C)C,0
11550533,C1COC(=O)[C@H]1NC(=O)CCCC2=CC=CC=C2,1
54726233,CCCCCCCCCC(=O)C1=C([C@@H](NC1=O)CCO)O,1
17924138,CCCCCN(CCCN1CCCCC1)C(=O)[O-],0
32434313,CCCS(=O)(=O)c1ccccc1C(=O)NNc1nccc(OC)n1,0
10063343,CCCCCCCCCCCC1=CC(=O)C2=CC=CC=C2N1,1
56897213,CCc1cc(N2CCN(c3ncnc4nc[nH]c34)CC2)n2nccc2n1,0
90058625,CCN(CC)c1ccc2cc(-c3ccncc3)ccc2c1,0
65630459,CCOC(=O)[C@@H]1CNCCN1Cc1cc(C)on1,0
154554619,Cc1[nH+]coc1C(F)(F)F,0
2055396,Cc1ccc(C(=O)Nc2cccc(/C=C\C(=O)[O-])c2)o1,0
70696951,C1COC(=O)C1N2C=C(N=N2)CC3=CC=CC=C3,1
135751133,O=c1[nH]c(CN[C@H](c2ccccc2)c2ccco2)nc2c1oc1ccccc12,0
229447,CCCC[C@@]1(C(OC)OC)NC(=O)NC1=O,0
115651645,CCCCCCCCNCc1ccc(C#N)o1,0
33539950,C[C@H](c1ccc(F)cc1)N(C)C(=O)N[C@H]1CC[C@@H](C(F)(F)F)CC1,0
81462818,NCc1ccn2c3c(nc2c1)CCCC3,0
151345887,COc1ccc(OC)c2c1CC(NC[C@H](O)c1ccc(O)c3c1C=CCN3)C2,0
91422257,CNCc1ccc(-c2cccnc2F)n1S(=O)(=O)c1ccccc1,0
109379939,Cn1cc(CNc2ccc(OCCO)nc2)c(-c2cccnc2)n1,0
121399946,CC(C)Cc1ncc(-c2cnn3c2N(C)[C@](C)([C@@H]2CCCNC2)C=C3N)s1,0
104387770,Nc1cnc(NCC(=O)N2CCCC2)cn1,0
1561,CCCCCCCC1=CC(=O)C2=CC=CC=C2N1O,1
66131654,CCCn1cncc1[C@H]1CC(=O)N1,0
69817356,CC(=O)O[C@H]1CCC[C@H](C=C[C@@H](O)CCCCc2ccccc2)C1,0
150415572,[N-]=[N+]=Nc1c(O[SiH3])ccc2c1Cc1ccccc1-2,0
100369679,Cc1ccc(OCCNS(=O)(=O)c2ccccc2[N+](=O)[O-])cc1Cl,0
86161126,CCCCP(CCCC)(CCCC)=C(F)C(=O)C(F)(F)Cl,0
109686453,C/N=C(\NC[C@@H](c1ccco1)N(C)C)N1CCO[C@@H]([C@H]2CCCO2)C1,0
154867239,C[C@@H]1OCCO[C@@H]1C(=O)N[C@H]1[C@@H]2CC[C@@H](C2)[C@H]1C(=O)O,0
56935693,CCCCCCCCNC(=O)C1CCOC1=O,1
70733451,Cc1ncccc1Oc1ncnc(N2CC[C@]3(CC(=O)NC3=O)C2)c1C,0
159365101,C#C[C@@H](O)C1=C(Cl)N=C[C@H](C=O)[C@H]1Cl,0
67224734,CCCCCCCCCCCCNC1=CC=CC=C1O,1
86158027,CCC[C@@H](C)C[C@H](C)C[C@@H]1C[C@H](C)O[C@@H]1O,0
23651740,O=c1ccc2c(OCCCCCOc3cccc4oc(=O)ccc34)cccc2o1,0
27154797,Cc1cc(C(=O)NNC(=O)CC2(C(=O)O)CCCCC2)c(C)o1,0
10442410,CCCCC(=O)N[C@H]1CCOC1=O,1
53237462,CCCCCCCCCC(CC(=O)N[C@H]1CCOC1=O)OC(=O)C,1
4680721,CCOC(=O)CNC(=O)CC1=CC=C(C=C1)Br,1
170677754,CNc1ncc(C#Cc2cc(C#N)c(OC)cn2)c2cc(C3(C(N)=O)CC3)ncc12,0
ZINC1518801195,C1CCC(CC1)CCNC(=O)N[C@H]1CCOC1=O,1
10661649,CCCCCCCCCCCCN1N=C(N=N1)CC(=O)O,1
159278006,CC#CNN(C)N,0
166264835,C[C@H]1CN(C)c2ccccc2N(C(=O)C[C@H]2COC(=O)N2)C1,0
50991281,CCOC(=O)CNC(=O)CC1=CC=C(C=C1)SC(F)(F)F,1
12305978,CC[C@@]1(C)CC[C@H]2[C@@H](CC[C@H]3C(C)(C)CCC[C@]23C)C1,0
736942,CC(C)[C@H]1C(=O)NCC(=O)N1,1
132264265,C=CN(C=C(C)C)CCCN1C(=O)NC(=O)[C@H]1c1cccc(Cl)c1,0
8086985,CC1=C(C(=O)N2CCOCC2)[C@H](c2cccc([N+](=O)[O-])c2)NC(=S)N1C,0
5282728,CCCCCCCC/C=C/C(=O)O,1
58984381,CC(C)(C)N1C=CCC=C1,0
65441506,O=C(O)CC1(CSCC(=O)N2CCC2)CC1,0
143039005,Cc1cn(Pn2cc(C)c3ccccc32)c2c1C=C[C@@H]1C[C@H]21,0
11057673,CCCC(C1=C(/C(=C/Br)/OC1=O)Br)OC(=O)C,1
159637002,COC(=O)[C@@](C)(Cl)CC=Cc1sc2ccccc2[n+]1C,0
57399882,C([C@@H](C(=O)C(=O)C(F)(F)F)O)O,1
290550,CC(C)C(=O)NCCC1=CC=CC=C1,1
56676353,CCCCCCCCCC(=O)CC(=O)NCC1=CC(=C(C=C1)OC)OC,1
107429798,CC(C)C[C@@H]1CCC[C@](O)(Cc2cc(Cl)ccc2F)C1,0
82302994,COc1cc(C)c([C@@H]2CNCCN2C)cc1C(C)C,0
24179487,COC1=CC=CC=C1C2CCN(CC2)C3=C(C=C(C=C3)/C=C/C(=O)N[C@H]4CCOC4=O)[N+](=O)[O-],1
71357421,CCCCCCC=CCCCCCC(=O)N[C@H]1CCOC1=O,1
84093284,CO/C(=N\C(C)(C)C#N)[C@H]1[C@@H]2C[C@H]3C[C@@H](C2)C[C@@H]1C3,0
39349653,Fc1ccccc1-c1nnc([C@H]2CCC[NH2+]C2)o1,0
70688654,CCCCCCCCCCC1=CN(N=N1)C2CCOC2=O,1
6016980,C#CC(CC)(CC)N/C=C(\C#N)C(=O)OCC,0
118735091,C1=CC=C(C(=C1)C(=O)NCC2=C(C(=CC(=C2)Br)Br)OC(=O)CCN3C(=O)C=CC3=O)[N+](=O)[O-],1
175883840,CCCCc1cccc[n+]1[C@H](CC)S(=O)(=O)O,0
95123349,O=C1NCCN2CCN(C(=O)Cn3cccc3)C[C@H]12,0
55171314,Cc1cc(-c2nnc(CN3CC(O)C3)o2)c(C)o1,0
130623635,CC[C@@H](N)c1cc(Cl)ncc1F,0
2796389,C1CSC(=N1)NC(=O)CC2=CC=CC=C2,1
58122267,CCCCCCCCCCCCCC(=O)N[C@H]1CCOC1=O,1
ZINC238214799,CCCCCC(C1=CC(OC1=O)C)O,1
133324393,C[C@@H]1C[C@@H](c2ccccc2F)N(c2nc3ccccc3o2)C1,0
49075100,C[C@H](C(=O)N1CCCN(C2CC2)CC1)n1ccnc1,0
122182826,CCCCCCCCCCCCCOC1=CC(=O)OC(=C1)C,1
114655113,N/C(=N/O)c1cccn1-c1ccnc2ccccc12,0
AHLs-COOH-1,CCCCCCCCCC(=O)N(C1CCOC1=O)C(O)=O,1
88616059,N#C[C@H]1C[C@H]2CCCC3=C2[C@@H](C1)CN(Cl)C(Cl)=C3Cl,0
300809,C1=CC(=NC(=C1)Br)N,1
44335009,NC[C@@H]1O[C@H](n2cc(I)c3c(N)ncnc32)[C@@H](O)[C@@H]1O,0
53238619,CCCCCCCCNC(=O)CS(=O)(=O)N[C@H]1CCOC1=O,1
53238624,CCCCOCCCNC(=O)CC(=O)N[C@@H]1CCC[C@@H]1O,1
149776584,CCCOc1nccn1Br,0
56659167,C1CSC(=O)[C@H]1NC(=O)CCC2=CC3=CC=CC=C3N2,1
144075133,COC(=O)Cc1cn2c(C=O)c(C)nc(N3CCOCC3)c2n1,0
152666707,[N-]=[N+]=N[C@H]1CCCCN1c1ncnc2cccc(C(F)(F)F)c12,0
13804205,N#C[C@]1(c2ccccc2)CCN(C(=O)Nc2ccccc2)C1=O,0
9996453,CCC[C@H](C1=C(/C(=C\Br)/OC1=O)Br)O,1
169417092,CCn1cc([C@@H]2CC(=O)Nc3ccc4cn[nH]c4c32)cn1,0
91149412,COO[P@](=O)(OC(=O)[C@@H]1CCCN1)Oc1ccccc1-c1ccc(F)cc1,0
11044959,NC1=Nn2c(nc(=O)[nH]c2=O)/C1=N\Nc1ccccc1Cl,0
9064,C1[C@@H]([C@H](OC2=CC(=CC(=C21)O)O)C3=CC(=C(C=C3)O)O)O,1
53238395,CCCCCCCCCCCS(=O)CC(=O)N[C@H]1CCOC1=O,1
33650713,COc1ccc(OC)c([C@@H](C)NC(=O)c2ccccc2OCC(=O)N(C)C)c1,0
121830383,CN(C)C(=NCc1cnc(-c2ccc(Cl)cc2)s1)N(C)C,0
108801925,Cc1cnc(NC(=O)c2cnn(-c3ccc4ccccc4n3)c2C)s1,0
155951787,CCCn1c(C)nnc1CNc1cnn(-c2ccc(C(F)(F)F)cc2)c1,0
152491140,FC(F)Cc1cn(Br)c2ccccc12,0
8404,C1CCC2=CC=CC=C2C1,1
11595303,CC(C)(C)C1=NN(C(=C1)C(=O)NNC(=O)C2=CC=C(S2)Cl)C,1
9796693,CCCCC1=C(/C(=C\Br)/OC1=O)Br,1
12442610,CCC[C@@H](O[Si](CC)(CC)CC)C(C)(C)C(=O)OC(C)C,0
11196584,CCCCCCCSCC(=O)N[C@H]1CCC[C@@H]1O,1
AI-3-5,C1(=NC(=CN(C1=O)[H])C)CC2=CC=C(C=C2)O[H],1
114169872,Cc1nn(C)c(NCC(F)(F)C(F)F)c1C(=O)O,0
130084478,NC(=O)c1[nH]c(=O)c(C(F)F)cc1[N+](=O)[O-],0
78368558,O=C(CCCN1C(=O)N=C2C=CC=C[C@H]2C1=O)Nc1ccc(Cl)cc1Cl,0
44239903,C1COC(=O)[C@H]1NC(=O)CC(=O)CCCCCCCCNC(=O)CCl,1
150731771,COC1=CC(N=[N+]=[N-])=C[C@@H](OC)[C@@]1(OC)c1c[nH]c2ccc(C#N)cc12,0
70688653,CCCCCC1=CN(N=N1)C2CCOC2=O,1
86704,CCCC=C1C=CC(=O)O1,1
48590774,CN(C)C(=O)CN(C)C(=O)CC(C1CC1)C1CC1,0
5380406,C1=CC=C2C(=C1)C3=C(C=C(C=C3)O)OC2=O,1
13071096,CCCCCCCCCCCCCCC[C@@H](CC(=O)OC)O,1
16122585,CCCCCCCCCC(=O)CC(=O)N[C@H]1CCNC1=O,1
70466398,CO[C@@H](N)[C@H]1C(=O)N2[C@@H](C(=O)O)C(C)(C)S(=O)(=O)[C@H]12,0
125355307,NCC1=C[C@@H](C(F)(F)F)C(=O)N=C1,0
115366813,COc1ccccc1N(C)c1ccc(CN)c(F)c1,0
156698443,CN(C)S(=O)(=O)n1cnc(S(=O)(=O)NC2CCCCC2)n1,0
167302673,CC(C)[C@H](C)CC(=O)Nc1cnc(-n2nccn2)c(Cl)c1,0
637511,C1=CC=C(C=C1)/C=C/C=O,1
46909882,CC(C)(O)c1ccc2c(c1)C=C[C@H]1[C@@](C)(CO)CCC[C@]21C,0
315069,C1=CC(=O)OC1=C(Br)Br,1
9858026,CCCCCCCCCCCCCCC[C@H](CC(=O)OC)O,1
54934770,C[C@H](NCCC(=O)N(C)C)c1ccc(I)cc1,0
24179359,C1COC(=O)[C@H]1NC(=O)C2CCC(CC2)C3=CC=C(C=C3)Cl,1
ZINC225958654,CCCCCCCCCC(=O)CC(=O)NC1CCCCNC1=O,1
93316467,Cc1nc(=O)c([C@H](C)N)c(C)[nH]1,0
128473960,CC1(C)[C@H](O)CCN1C(=O)c1cnc2c(c1)NC(=O)CO2,0
AHLs-17,CCCCCC\C(=C(\CCCCCCCCCC(=O)N[C@H]1CCOC1=O)[H])[H],1
11299618,C1CSC(SC1)C(=O)N[C@H]2CCOC2=O,1
66502891,COc1ccccc1[C@H]1N=C2NONC2=NC2=C1C(=O)C[C@H](C)C2,0
54468493,C1COC(C1(O)O)(O)O,1
53474589,C1COC(=O)C1N2C=C(N=N2)C3=CC=CC=C3,1
23654558,CCCCCCCCNC(=O)C(C(=O)N[C@H]1CCOC1=O)F,1
44581189,C1COC(=O)[C@H]1NC(=O)CCC2=CC=C(C=C2)C(F)(F)F,1
138970086,CC1(C)CC2=C(C[C@H]3OC=C[C@@H](C2)C3=O)C1,0
443440,C1C[C@H]2C(=O)N[C@H](C(=O)N2C1)CC3=CC=CC=C3,1
53238845,CCCCCCCCNC(=O)CC(=O)NC1=NC=CS1,1
33727729,Nc1cc(C(F)(F)F)c2nc(C(=O)O)ccc2c1N,0
11324074,C1COC(=O)[C@H]1NC(=O)CSC2=CC3=CC=CC=C3C=C2,1
65064,C1[C@H]([C@H](OC2=CC(=CC(=C21)O)O)C3=CC(=C(C(=C3)O)O)O)OC(=O)C4=CC(=C(C(=C4)O)O)O,1
9877509,C\1=CC(=O)O/C1=C\Br,1
15351822,C[Si](C)(C)NCC(=O)NCC(=O)NCC(=O)O[Si](C)(C)C,0
637542,C1=CC(=CC=C1C=CC(=O)O)O,1
39592903,CC(C)(C)NC(=O)C1CCN(C(=O)/C=C/c2cc(Cl)ccc2Cl)CC1,0
284845,CCCCCCCCCCCCNC1=CC=CC=N1,1
2952581,O=c1c(Cl)c(N2CCNCC2)cnn1[C@]12C[C@H]3C[C@H](C[C@H](C3)C1)C2,0
44239897,C1COC(=O)[C@H]1NC(=O)CC(=O)CCCCCCCCN=C=S,1
164974,CCCCCCCC1=CC(=O)C2=CC=CC=C2N1,1
115188294,CC[C@@H](C#N)C(=O)NCc1c(C)c(C)cc(C)c1C,0
145084587,CC1(C)OC[C@H](SCOc2cc(N)ccn2)O1,0
33524620,COc1ccc(C)cc1/C=C/C(=O)O[C@H](C)C(=O)Nc1ncnc2nc[nH]c12,0
142844895,C=C1C2=C(CCC=C2)CC[C@@H]1[C@H]1CC[C@@H]([C@H](C)O)C1,0
54400708,N#Cc1[nH]c(C=O)nc1[N+](=O)[O-],0
15722150,Cc1nnn2c([C@H](O)c3ccccc3)csc12,0
22718437,CCc1ccc(Sc2c(C(C)C)c(CO)c(C)n2Cc2ccncc2)cc1,0
11161410,CC1=CC=C(C=C1)SCC(=O)N[C@H]2CCOC2=O,1
10062823,CCCCCCCCCC(=O)CC(=O)NC1=CC=CC=N1,1
124917230,CC(C)[C@H]1C(=O)N2C[C@H](C[C@H]2C(=O)N1)O,1
163638427,C=C(C)[C@H]1O[C@@H]1OCCNC=O,0
79542480,CCCc1c(N)nnn1CCCOCC(F)(F)F,0
84007635,CCn1cc(OC(C)C)c(=O)cc1CCl,0
156495827,CC(=N[S@](=O)C(C)(C)C)c1cc(F)cc(C#N)c1,0
13654641,C1C(=O)N[C@H](C(=O)N1)CC2=CC=C(C=C2)O,1
123920735,CCS(=O)(=O)c1c[n+](C)c(CN)s1,0
84887368,COc1cc(C=NNc2cc(C(=O)O)ccc2Cl)cc2c1OCCO2,0
93498202,CC(=O)C1=C(C#N)N=N[C@H]1C,0
15460935,O=C1C=Cc2cccnc2C1=CNc1cccc2ccccc12,0
86245692,N#Cc1c2ccccc2nn1-c1ccc(O)cc1,0
HAQs-3,CCCC=CCC2=CC(=O)C1=CC=CC=C1N2O[H],1
6199749,N#C/C(C(=O)c1cccnc1Cl)=C1\C=CC=CN1,0
10267882,CCCCCCCCCS(=O)CC(=O)N[C@H]1CCOC1=O,1
99895,C1CC2C(=O)NC(C(=O)N2C1)CC3=CC=CC=C3,1
43495741,CCCN[C@@H](c1ccc([C@H](C)CC)cc1)c1sccc1C,0
69766449,O=C(O)[C@](O)(c1ccccc1[C@@H]1CN=CNC1)[C@@H]1CCC(F)(F)C1,0
ZINC1186822947,C1=C(C=CC(=C1)C(F)(F)F)CNC(=O)N[C@H]2CCOC2=O,1
162814933,C/C=C(/CC)C1=C(CC(CC)CC)C(=O)[C@@H](CC)O1,0
84115800,CC1(C)CNC[C@@H](CCO)N1C1CC1,0
44578160,CCCCCC(=O)NC1=C(COC1=O)Cl,1
25014781,C1COC(=O)[C@H]1NC(=O)CC2=CC=C(C=C2)C(F)(F)F,1
83872767,NC[C@@H]1CCc2ncsc21,0
ZINC000059868199(5364430),CCCCCCCC/C=C/CCCCCCCC(=O)OCC,1
71576814,CCCCCCC1=C(C=C(OC1=O)CC(C)C)O,1
62954879,Cc1noc(CNC(=O)c2ccc(C#CCN)cn2)n1,0
119530480,CCCN(C(=O)[C@@H]1CCCN(C(=O)[C@H](C)CC)C1)[C@@H]1CCNC1,0
656894,CC(C)S[C@H]1[C@@H]([C@H]([C@H]([C@H](O1)CO)O)O)O,1
594528,CCCCCC1=CC(=O)C2=CC=CC=C2N1,1
84044753,CNCc1cc2c(cc1Cl)OC1(CCC1)O2,0
95711193,c1cc(CN2CCO[C@]3(CNCCOC3)C2)n(-c2nccs2)c1,0
130804,CCCCCCCCCC1=CC(=O)C2=CC=CC=C2N1O,1
15344819,ClC[C@H]1C[C@@H]1CCl,0
5275507,CC(=CCC/C(=C/CC/C(=C/C(=O)O)/C)/C)C,1
162570042,[H]/N=C(\NC(=O)C(F)(F)F)c1ccc2c(c1)C(=O)N(Cc1ccccc1)C2(C)C,0
92160043,O[C@@H]([C@H](c1ccccc1)N1CCCCC1)C(O)(c1ccccc1)c1ccccc1,0
50991376,COC1=CC=C(C=C1)CC(=O)N[C@H]2CCSC2=O,1
125246291,Cc1ccc(CN2CC[C@H]3OCC[C@]3(CCNC(=O)N(C)C)C2)o1,0
50991460,CCCCCCC(=O)N[C@H]1CCSC1=O,1
123266199,CC[C@H]1C=C(C(=O)OC)C=C(Cl)C(C)=N1,0
59549980,CCCCCCCC(=O)C(CC)O,1
70692862,CCCCCCCCCCCCC1=CN(N=N1)C2CCOC2=O,1
101162142,C1COC(=O)[C@H]1NC(=O)CC(=O)CC2=CC=C(C=C2)Cl,1
134701093,O=C(O)c1cncc(N2CCC(Oc3ccccc3F)CC2)n1,0
72640,O=C(O)CN1CCN(CC(=O)O)CC1,0
42252104,C[C@H](C[NH3+])c1nc2c(s1)C[N@H+](C)CC2,0
39179542,[NH3+]CCC(=O)Nc1ccc(NCCc2ccc(F)cc2)nc1,0
53238844,CCOCCOCCNC(=O)CC(=O)N[C@@H]1CCC[C@@H]1O,1
168356563,CO[C@H]1[C@@H](OC)[C@H](O)OC[C@H](OC)[C@@H]1OC,0
106109985,CO[C@@H](CNC(=O)N(C)[C@H](C)C(C)(C)C)C(=O)O,0
13154931,NC(=O)c1c(N)[n+](Cc2ccccc2)cn1CC(=O)c1ccccc1,0
71670724,BrCc1csc2c1CCCCCC2,0
AHLs-16,OC(=O)CCCCCC(=O)NCC1CCOC1=O,1
25023206,CCCCCCC(=O)C(=O)[C@H](CO)O,1
54842993,C=CCN(CC=C)C(=O)CNc1cccc(C(=O)NCc2ccccc2)c1,0
68869017,CCCCCCCCCCCCC(=O)N[C@H]1CCOC1=O,1
104970956,CCC(CC)CN(CC)C(=O)c1noc([C@@H]2CCCN2)n1,0
169367964,CCCOc1ccc(C(=O)OCCN(CC)CC)cc1/N=C(/N)CCl,0
73891843,CN(C)CC(CN(C)C)Nc1ccnc2ccc(Cl)cc12,0
708341,CC(C)OC(=O)CSC1=NC2=CC=CC=C2N1,1
101779094,CCCCCCCC(=O)/C(=C/C)/N,1
63108341,Cc1ccc(-c2ncc(CO)[nH]2)s1,0
1270814,NS(=O)(=O)c1ccc(-c2ccc(/C=N/[C@@H]3CCS(=O)(=O)C3)o2)cc1,0
168448885,Cc1c(Br)cccc1/C=C/CCCCCO,0
10467786,C1[C@H](CN2[C@@H]1C(=O)N[C@H](C2=O)CC3=CC=CC=C3)O,1
439562,CN1c2ccccc2Nc2c(O)cccc21,0
QSIDB-18,CCCCCCCCCC(=O)CC(=O)NC1CCCCCC1,1
13469873,CS/C(=N\C(=O)NC1CCCC1)NN=C(C)C,0
80227198,CN1CCN(C(=O)CNCC(F)(F)F)C(C)(C)C1=O,0
193540,C1CC2C(=O)NCC(=O)N2C1,1
115388837,CC[C@@H]1SCCS[C@@H]1c1nc(C)cc(CCl)n1,0
HAQs-7,CCCCCCCCC=CCC2=C(C)C(=O)C1=CC=CC=C1N2[H],1
50905017,CCCCCCCC(=O)N[C@H]1CCSC1=O,1
57494909,C(CSC1[C@@H]([C@@H]([C@H](O1)CO)O)O)[C@H](C(=O)O)N,1
77230753,COCCNc1n[nH]c(C(=O)O)n1,0
59098305,C/C=C/C[C@@H](C)CCC=C(C)C,0
106584254,Cc1cc([N+](=O)[O-])c2nc(C)nc(NN)c2c1,0
10058532,CCC/C=C/C(=O)N[C@H]1CCOC1=O,1
142639273,NS(=O)(=O)c1ccc(C2=C(c3ccc(Cl)cc3)Cc3ccccc3O2)cc1,0
45093388,CCCCCC(=O)N[C@H]1[C@H](COC1=O)O,1
44450119,COc1cc(Cl)ccc1O[C@@H](c1cccc(F)c1)[C@@H]1CNCCO1,0
135150901,CCCCCC1=CC(=C(C(=C1)O)C(C)C)O,1
34606372,C[C@H]1C[C@@H]1c1ccc(CN(C(=O)c2ccc(F)c(F)c2)C2CC2)o1,0
57610881,CCCCCCCCCC(CC(=O)NN1CCCC1)O,1
107442103,CC(C)[C@H](CN)CN[C@@H](C)c1nn[nH]n1,0
123142720,C=C(C(C)=CC[C@@H]1C=CC(C)=CC1)C1=CC2=CC[C@@H](C)CC=C2CC1,0
60340495,Cc1nc([C@@H](NC(=O)c2ccsc2)C(C)C)n[nH]1,0
101845602,C=C[C@H]1CO[C@@H](c2ccccc2)[C@@H]1O,0
ZINC140686018,C1COC(=O)C1NC(=O)C(C(C(C(C(C(F)(F)F)(F)F)(F)F)(F)F)(F)F)(F)F,1
3320671,CCOC(=O)CNC(=O)CCC1=CC=C(C=C1)OC,1
81801219,C#CCN(C)C(=O)N(CCCC(=O)O)c1ccccc1,0
128152973,O=C1CC[C@@H](C(=O)N2CC[C@H](O)C2)n2cccc21,0
103054454,Clc1cnc(Cn2c3ccccc3c3ccccc32)cn1,0
118735089,C1=CC=C(C(=C1)NC(=O)CC2=C(C(=CC(=C2)Br)Br)OC(=O)CCN3C(=O)C=CC3=O)[N+](=O)[O-],1
70682317,CCCCN1C(=NN=N1)C2CCOC2=O,1
25014868,CC1=CC(=CC=C1)CC(=O)N[C@H]2CCOC2=O,1
16253,C1(=C(N=C(N1)Br)Br)Br,1
21575352,CC(C)C[C@H]1C(=O)N2C[C@@H](C[C@H]2C(=O)N1)O,1
53238621,CCCCCCCCCC(=O)CC(=O)N[C@H]1CCC(=O)NC1=O,1
25023204,CCCC(=O)C(=O)[C@H](CO)O,1
167313309,CCCCCCCC=CCC1=C(C(=O)C2=CC=CC=C2N1)C,1
113475754,[H]/N=C(\N)c1ccc(N(C)C(C)(C)CO)c(Cl)c1,0
144477890,CC(C)Oc1ccc(C2=NC=C([C@@H](C)/C=C\C=C3CCCC3)SC2)cc1C#N,0
121538609,CC(C)COCCN1CCS(=O)(=O)C[C@H]1c1cnn(C)c1,0
53239065,CCCCCCCCNC(=O)CC(=O)NC1=CC2=C(C=C1)NN=C2,1
10419888,CC(=O)CC(=O)N[C@H]1CCOC1=O,1
150606975,O=C(OCC=Cc1cccc(C(F)(F)F)c1)N1CCNCC1,0
98951,CC(C)C1C(=O)N2CCCC2C(=O)N1,1
91450776,CCCCCCCCCCCC(=O)NN1CCNCC1,1
44452322,CCCCCCCCNS(=O)(=O)NC1CCOC1=O,1
57909081,CNc1ccc2oc(-c3cc(O)cc(C(C)=O)c3)nc2c1,0
25014624,C1COC(=O)[C@H]1NC(=O)CC2=CC(=CC=C2)Br,1
72907656,CCOCC1(CNc2nc(C)nc(C)c2C)CC1,0
25015360,CSC1=CC=CC(=C1)CC(=O)N[C@H]2CCOC2=O,1
ZINC1191211417,C1=CC=C(C=C1)CCCNC(=O)N[C@H]2CCOC2=O,1
21653136,Nc1ccc(Nc2ncccn2)cc1,0
37676401,O=C(NCc1ccc(Cn2ccnc2)cc1)c1ccc[nH]c1=S,0
81592012,CCC[C@@H](C)COc1ccc(Br)c(CN)c1,0
439357,C([C@@H]1[C@@H]([C@@H]([C@H]([C@H](O1)O)O)O)O)O,1
134710366,CN(Cc1cccc(-n2cccn2)c1)c1cc2nncn2c(N)n1,0
729444,CC(C)(C1=CC=CC=C1)C2=CC=C(C=C2)OCC(=O)NC3CCCC3,1
142780703,ClC[C@H]1C=CNS1,0
89670,CCCCCCCCCCCC(=O)CC(=O)OC,1
21787181,CCCCCCCC1=NC2=CC=CC=C2C(=C1)OC,1
11536248,C1COC(=O)[C@H]1NC(=O)CC(=O)CC2=CC=CC=C2,1
9865120,CCCC(C1=CC(=C(Br)Br)OC1=O)Br,1
144117973,CC[C@@H](C)N(C)CCCOc1ccc(C(=O)[C@H](C)N2CCOCC2)cc1,0
122182825,CCCCCCCCCCCCOC1=CC(=O)OC(=C1)C,1
10923593,CCCCCCCCCCC(=O)N[C@H]1CCOC1=O,1
118735094,C1CC(=O)N(C1=O)CCC(=O)OC2=C(C=C(C=C2Br)Br)CC(=O)NC3=CC=CC=C3[N+](=O)[O-],1
72229355,COc1cc(N(C)C)ncc1OC1CC1,0
24896390,CCCCCCCCCCCC(=O)NC1CCNC1,1
13867058,CCCC[C@@](O)(CCCl)c1ccc(Cl)c(Cl)c1,0
149480757,C=C[C@H]1C=CC=C[C@@H]1/C=C/CN(C)C[C@@H]1N=CNC(NC2=CCCC=C2)=N1,0
100068079,CN(C)C[C@@H](O)c1cc2n(n1)CCCN(Cc1ncc[nH]1)C2,0
137656902,CCCOC1=CN=C(C=C1)C(=O)OC,1
6396515,CCCP(C)C,0
256462,COC1=CC=CC(=C1)C2=NN=C(O2)N,1
90670724,CCCCCCCC1=C(C(=O)C2=C(N1)C=CC(=C2)[N+](=O)[O-])C(=O)OCC,1
67589635,C=C([C@H]1CC[C@H](CCC=CC#N)CC1)[C@H]1CC[C@H](CCCC)CC1,0
62823896,C[C@H](NCc1cccc2cnccc12)c1ccc(Cl)s1,0
167043415,C[C@@H]1NCc2cc3ccccc3cc2-c2ccccc21,0
124072228,Cc1cccc(C(=O)N2Cc3c(C(=O)NC4CC4)nn(C)c3C2)c1,0
67660096,C[C@H](N)[C@@]1(O)C(=O)OCc2c1cc1n(c2=O)Cc2cc3ccccc3nc2-1,0
56683012,C1CSC(=O)C1NC(=O)CCC2=CC3=CC=CC=C3N2,1
44300028,C[C@@H]1CCC[C@H](C)N1CCC[C@H](C)Nc1c2ccccc2nc2ccccc12,0
134921365,[C-]#[N+]/C(Br)=C/C(C)C,0
5530220,CSC(=S)N/N=C/c1nc(-c2ccc(Cl)cc2)n2ccccc12,0
10330086,CC(CC(=O)N[C@H]1CCOC1=O)O,1
AHLs-8,C1([C@@H](CCO1)N(C(CC(CCCCCC=CCCCC)O[H])=O)[H])=O,1
123309765,O=Nc1ccc2[nH]c(=O)c3sccc3c2c1-c1ccc2c(c1)CCC2,0
110653619,Clc1ccc(Cl)c(NCc2nnc(COc3ccccc3)o2)c1,0
43445217,Cc1nn(CC(=O)N2C[C@@H](C)C[C@H](C)C2)c(C)c1N,0
154146165,CC(C)C1=C[C@@]2(C(C)C)NC(=O)[C@H](C(C)C)[C@@H]12,0
150386399,CC(C)(OC(N)=O)[C@H](CCO)C[C@H](O)c1ccc([N+](=O)[O-])cc1,0
45266530,CCCCCCCCCCCC(=O)N[C@@H]1CCOC1=O,1
439202,C(CON=C(N)N)[C@@H](C(=O)O)N,1
6621931,CC(C)CC(C(=O)NCC1=CC=C(C=C1)Cl)NS(=O)(=O)C2=CC3=C(C=C2)N(CC3)C(=O)C,1
5282729,CCCCCCCCC/C=C/C(=O)O,1
57174184,S[C@@H]1CNCCN1,0
24542568,Cc1ccc(CN(C)C(=O)c2ccc(CSc3nc4ccccc4[nH]3)cc2)o1,0
50991282,CCOC(=O)CNC(=O)CCC1=CC(=CC=C1)I,1
54181346,CC(C)(C)N[C@H](O)CCOc1ncc(C(=O)NCCC[C@@]23CCC[C@@H]2C3)s1,0
10801306,C1[C@H](CN2[C@H]1C(=O)N[C@H](C2=O)CC3=CC=CC=C3)O,1
131221351,C[C@@H](F)CCN[C@@H]1CCOC1,0
11065867,C1COC(=O)[C@H]1NC(=O)C2=CC=C(C=C2)C3=CC=CC=C3,1
141051308,COC(=O)/C(F)=C(/C)F,0
70684398,CCCCCCN1C(=NN=N1)C2CCOC2=O,1
11185077,C1COC(=O)[C@H]1NC(=O)CSCCC2=CC=CC=C2,1
55287732,CCC1=NC(=CNC1=O)C,1
4345164,CCCCCCCCC(=O)NC1CCCC1,1
67550379,CN(C)CC[C@H]1C(=O)c2cncn3c2c(c2c4ccccc4c(O)cc23)C1=O,0
10059979,CCCCCS(=O)(=O)NC1CCOC1=O,1
453,C(C(C(C(C(CO)O)O)O)O)O,1
25015353,C1CCC(CC1)CC(=O)N[C@H]2CCOC2=O,1
6475696,CCC[C@H](C1=C(/C(=C/Br)/OC1=O)Br)O,1
53979108,CCCCCCOC1=CC=C(C=C1)C2=NCCO2,1
118735087,C1=CC=C(C(=C1)NC(=O)CC2=C(C(=CC(=C2)Br)Br)OC(=O)CCNC(=O)CCl)[N+](=O)[O-],1
134637607,N#CCc1cc(-c2c(Cl)ccc(Cl)c2Cl)cnc1F,0
152737125,Cc1cc(F)ccc1[C@H](O)[C@@H]1CCC2=Cc3ccccc3N[C@H]2C1,0
171857708,CNC[C@@H](O)[C@H](O)c1cc(F)cnc1Cl,0
16590,C=CCSSCC=C,1
10214788,Oc1ccc([C@H]2Oc3ccc(F)cc3[C@H]3CCC[C@H]32)cc1,0
1520873,COP(N=C=O)OC,0
125436450,CCC1=C(C)NC(C)=NC1=C1C=C(OC(F)(F)F)C=CC1=O,0
40467203,CCC1(C(=O)[C@@H](CNC1=O)C)CC,1
1057,C1=CC(=C(C(=C1)O)O)O,1
8352364,C[C@@H](OC(=O)c1ccc(-n2cnnn2)cc1)C(=O)NCCC1=CCCCC1,0
85239587,C[C@H]1CN[C@]2(C)CC3=N[C@@H](C)CN[C@@]3(C)CC2=N1,0
97839707,C#CC[C@H](Nc1nc(-c2ccccc2)ns1)C(N)=O,0
152909591,C[C@@H]1OC[C@H]1[C@H](CCl)C1CC1,0
79706441,COCCN(Cc1cc(F)cc(C#CCN)c1)C1CC1,0
778,C(CS)C(C(=O)O)N,1
911825,CC[C@H](C)/N=C1\SC[C@](C)(C=NO)S1,0
13097389,Cc1cc(C)nc(NC(=O)NS(=O)(=O)c2ccccc2C2=CCCC2)n1,0
50991373,CCOC(=O)CNC(=O)CCC1=CC=C(C=C1)Cl,1
101162132,CC(C)CC(=O)CC(=O)N[C@H]1CCOC1=O,1
85108566,CC=C[C@H](C=C(C#N)N(C)c1ccccc1)CC=CBr,0
5194628,COC1=CC=C(C=C1)CC(=O)NC2CCSC2=O,1
24179364,C1COC(=O)[C@H]1NC(=O)CCC2=CNC3=CC=CC=C32,1
599666,CCCCCCCC1=C(C(=O)C2=CC=CC=C2N1)C,1
1268111,CC(=C)C(=O)/C(=C/C(=O)O)/OC,1
44239900,C1COC(=O)[C@H]1NC(=O)CC(=O)CCCCCCCCNC(=O)CBr,1
24749,C(C(C(C(C(C=O)O)O)O)O)O,1
101162156,C1COC(=O)[C@H]1NC(=O)CC(=O)CC2=CC=CC=C2Cl,1
71362826,CCCCCCC=CCCCCCCCC(=O)N[C@H]1CCOC1=O,1
599667,CCCCCCCCCC1=C(C(=O)C2=CC=CC=C2N1)C,1
109184647,CCc1ccccc1Nc1ccc(C(=O)N2CCOCC2)nc1,0
QSIDB-2,C(CCCCCCCNN(CC(=O)N[C@H]1CCOC1=O)O[H])C,1
5281605,C1=CC=C(C=C1)C2=CC(=O)C3=C(C(=C(C=C3O2)O)O)O,1
70185030,CCCC(CC(=O)N[C@H]1CCOC1=O)O,1
148285121,C[C@]1(N)CC[C@@H](c2ccc(Br)cc2)C1,0
AHLs-2,C1([C@@H](CCO1)N(C(CC(CC(C)C)O[H])=O)[H])=O,1
70684395,CCCCCCCCC1=CN(N=N1)C2CCOC2=O,1
137006,CC(C)CC1C(=O)NC(C(=O)N1)CC(C)C,1
57394679,C[C@H]([C@@H](C(=O)C(=O)C)O)O,1
146643902,CCN(C)c1c(C)ccc(COC)c1CNc1csc(C(F)(F)CF)c1,0
ZINC1191978559,CCCCCCNC(=O)N[C@H]1CCOC1=O,1
11874,C1=CC(=C(C(=C1C(=O)O)O)O)O,1
65211581,N/N=C(/N)SCc1cc(=O)c(O)co1,0
139328159,CC(C)(O)Cn1ncc2cc(Br)ccc21,0
50991275,CCCCCCCCCC(=O)CC(=O)NCC1=CC=C(C=C1)OC,1
142319695,C#CC[C@@H]1CC[C@@H](N)CO1,0
127245113,O=C(c1cncs1)N1CC[C@@H](c2[nH]nc3ncccc23)C1,0
163140917,CCCCC=CCC1=CC(=O)C2=CC=CC=C2N1,1
79091921,N#C[C@@H]1CNCCN1S(=O)(=O)Cc1ccccc1,0
138536128,CC(C)c1cccc(C(C)(C)F)n1,0
141997184,CC1(C)O[C@]23C[C@H]1CC[C@@H]2CCC=C3CCO,0
78160,CSCCCCN=C=S,1
3246941,CCCCCCCCCC(=O)CC(=O)N[C@H]1CCOC1=O,1
4457056,C1=CC=C(C(=C1)NC(=O)C2=CC(=CC=C2)Cl)NC(=O)C3=CC(=CC=C3)Cl,1
89390611,CCCCCCCCCCCC(CC(=O)CC)O,1
145720642,CC(C)CCCCCCCCCCC1=C(C=C(OC1=O)CC(C)C)O,1
76285521,C1CCC(=C2C(=CC(=O)O2)C1)Br,1
118735085,C1=CC=C(C(=C1)NC(=O)CC2=C(C(=CC(=C2)Br)Br)OCCCCN=C=S)[N+](=O)[O-],1
143623581,NCCn1ncc2ccc3c(c21)C[C@@H](O)CO3,0
60011521,CC(C)N1C(=O)[C@H]2CCCC[C@H]2C1=O,0
120846727,CCCc1csc(CN2C[C@@H](CN)[C@H](c3ccccc3)C2)n1,0
106897521,O=S(=O)(NCc1cccnn1)c1cccc(C#CCO)c1,0
802148,C1CSC(=N1)NC(=O)C2=CC=CC=C2,1
44239902,C1COC(=O)[C@H]1NC(=O)CC(=O)CCCCCCCCCCNC(=O)CBr,1
11266242,CCCCCCCS(=O)CC(=O)N[C@H]1CCOC1=O,1
116801276,Cc1cc(C)c(C#N)c(Oc2cnn(C(C)C)c2)n1,0
362385,CCCCC1=C(C(=C(Br)Br)OC1=O)Br,1
25015357,C1COC(=O)[C@H]1NC(=O)CC2=CC(=CC=C2)C(F)(F)F,1
150636,C=CC1CC=CSS1,1
18950450,Nc1nc(Cl)c2ncn([C@@H]3CCC[C@H]3C(O)O)c2n1,0
56935692,CCCCCCNC(=O)C1CCOC1=O,1
3893,CCCCCCCCCCCC(=O)O,1
10685,C1=CC=C2C(=C1)C(=CN2)CCO,1
166429134,COC(=O)/C(=C\NC(=O)c1ccccc1)C(=O)NC(C)(C)C,0
130563174,C#C[C@@H](O)c1cncc(Br)c1,0
130730036,Cc1nc(CN)cc(SC(C)C)n1,0
151329916,CCP(=O)(CC)[C@H](N=[N+]=[N-])N=C(N)N,0
115752413,NCC1(NS(=O)(=O)c2cccc3ncccc23)CCCC1,0
33679004,FC(F)Oc1ccc(-n2c(-c3ccc(Br)cc3)c[nH]c2=S)cc1,0
44581745,COC1=CC=C(C=C1)CCC(=O)N[C@H]2CCOC2=O,1
13913500,Cc1nn(C)c2c(=O)nc(-c3cccnc3)[nH]c12,0
27718826,CNS(=O)(=O)Cc1ccc(CNC=C2C(=O)C=Cc3ccccc32)cc1,0
101409979,C/C=C/C#CC#CC[C@@H](O)CC,0
44452297,C1COC(=O)C1NS(=O)(=O)NCCC2=CC=CC=C2,1
102011614,CC1=C(C)C(P(C)C2C(C)=C(C)C(C)=C2C)C(C)=C1C,0
118530622,C=c1sc(=C)c2c1OC[C@H](COc1ccc(S(=O)(=O)O)cc1)O2,0
11230478,C1COC(=O)[C@H]1NC(=O)CSC2=CC=CC=C2,1
130352830,Brc1ccc2c(c1)[C@H]1C=CC=C[C@H]1N2,0
114131884,Cc1cc(C(=O)O)nc(NC(C)(C)c2nccs2)n1,0
44581187,C1COC(=O)[C@H]1NC(=O)CCC2=CC(=CC=C2)I,1
ZINC000028384049,C1COC(=O)[C@H]1NS(=O)(=O)CCC2=CC=CC=C2,1
169713416,COCC[C@@H]1C=C(C)C=C[C@]1(CCCCCC(C)C)C(=O)O,0
147021946,c1ccc2n[n+](-c3ccc4cn[n+](-c5ccc6ncncc6c5)cc4c3)ccc2c1,0
11469158,CC1=C2C=COC=C2OC1=O,1
87606813,CCCCCCC(=O)CC(=O)N[C@H]1CCOC1=O,1
ZINC389280728,CCCCCCCCCCCCNC1=CC(=CC=C1)C(=O)N,1
131542080,C/C=C/[C@@H](N)[C@H]1CCCN1C,0
5488186,C1=CC2=C(C=C1O)C(=O)OC3=C2C=CC(=C3)O,1
20116621,C1=CC(=CC(=C1)C2=NN=C(O2)N)C#N,1
AHLs-5,C1([C@@H](CCO1)N(C(CC(CCCCCCCCCCCCC)O[H])=O)[H])=O,1
11459831,C1COC(=O)[C@H]1NC(=O)CS(=O)C2=CC=CC=C2,1
77996487,C[C@@H]1C[C@H](CO)O[C@H]1n1cc(F)c2c(-n3cnnc3)nc(N)nc21,0
14583523,CCCCCCCCCCCCNC1=CC(=CC=C1)O,1
14300,C1=C[N+](=CC=C1[N+](=O)[O-])[O-],1
QSIDB-5,CCCCCCCCCCS(=O)(=O)CC(=O)N[C@H]1CCOC1=O,1
12716504,CCCCC/C=C\1/C=CC(=O)O1,1
134649608,CCc1c(F)ccc(C(=O)OC)c1C#N,0
166934512,CN1CCC2(CC1)CC(N1C[C@H]3CN(C)C[C@H]3C1)C2,0
102216256,CC(C)C1C(=O)NC(=C(C)C)C(=O)N1,1
124639944,CC(=O)O[C@@]1(O)C=CC(Br)=CC1,0
51413401,Fc1ccccc1[C@H]1C[C@H](c2ccc(Cl)cc2)Nc2[nH]c3ccccc3[n+]21,0
QSIDB-12,C(CCCCC(=O)CC(=O)NN1CCCCC1)CCCCO,1
107298390,CCCN[C@@H]1CCCN(C[C@@H]2CCSC2)C1,0
10267810,CCCCCCCCCCCC1=C(C(=O)C2=CC=CC=C2N1)O,1
6772875,O=C1C=c2ccccc2=CC1=CN/N=C/c1c2ccccc2cc2ccccc12,0
122211125,C=CCCCCCCCC(=O)NC1CCOC1=O,1
745,C(CC(=O)NC(CS)C(=O)NCC(=O)O)C(C(=O)O)N,1
136732058,CC(=O)C1=CSC(=N1)C2=CC=CC=C2O,1
5386591,C=CCSS/C=C/CS(=O)CC=C,1
119818013,CCO[C@H](CCNC(=O)C[C@@H](C)[C@@H]1CCCNC1)C(C)C,0
68356254,C[C@@H](Nc1ncc2c(n1)N(C1CCCC1)CC(C)(C)C(=O)N2C)c1ccco1,0
AHLs-6,C1([C@@H](CCO1)N(C(CC(CCC)O[H])=O)[H])=O,1
21476857,C1COC(=O)[C@H]1NC(=O)CCC2=CC=CC=C2,1
53238851,CCCCCCCCNC(=O)CC(=O)NC1=CC=CC(=C1)C(=O)N,1
72277,C1[C@H]([C@H](OC2=CC(=CC(=C21)O)O)C3=CC(=C(C(=C3)O)O)O)O,1
97506746,CC(C)NC(=O)N1CC[C@]2(COCc3cnc(N4CCOCC4)nc32)C1,0
21767881,CC1(C)C=C([C@H](Cl)CBr)C(=O)C[C@@H]1Br,0
166058761,Cc1ccc(C=O)cc1N1Cc2cnc(Cl)nc2N(C)C1=O,0
14762368,C[Si]1(C)SCCP(c2ccccc2)[Si]1(C)C,0
92489075,C[C@@H](OC(=O)c1cncc(Br)c1)C(=O)Nc1cccnc1Cl,0
44581743,CC1=CC=C(C=C1)CCC(=O)N[C@H]2CCOC2=O,1
25014784,CC(C)(C)OC(=O)NC1=CC=C(C=C1)CC(=O)N[C@H]2CCOC2=O,1
5282724,CCCCCCC/C=C/C(=O)O,1
88824530,CC[C@H](S)C(=S)S[C@H](c1ccc(Cl)cc1)[C@@H](Cl)n1ccnc1,0
156324003,O=C(O)c1cc(COc2ccc(-c3ccn[nH]3)nc2)ccc1Cl,0
127037565,CCCCCC(=O)NC1=CC=C(C=C1)C2=NCCN2,1
68239527,CCCCCCOC1=CC=C(C=C1)C(=O)N[C@H]2CCOC2=O,1
61176285,C#CCN1CCC[C@@H]1C(=O)N1CCNCC1,0
68865575,CCCCCCCCCCCCCCC(=O)N[C@H]1CCOC1=O,1
142558335,Fc1cccc2[nH]c(CCN3CCCCC3)nc12,0
75055476,N#CC=C[C@@H]1CN(C(c2ccccc2)c2ccccc2)C(=O)NC1=O,0
600311,CCCCCC1=CC(=O)C2=CC=CC=C2N1O,1
53238623,CCCCCCCCNC(=O)CC(=O)N[C@@H]1CCC[C@@H]1O,1
118735093,C1CC(=O)N(C1=O)CCCC(=O)OC2=C(C=C(C=C2Br)Br)CNC(=O)C3=CC=CC=C3[N+](=O)[O-],1
111635001,CCN/C(=N\Cc1ccnn1C)NCC(C)(C)CCS(C)(=O)=O,0
9942873,CCCCCCC1=C(C(=O)C2=CC=CC=C2N1)C,1
49373642,CCc1nc(C)c(C(=O)NCCCOCc2ccco2)s1,0
87253971,O=C=NC1(N=C=O)C#CCCC1,0
QSIDB-9,CCCCCCCCCC(=O)CC(=O)NC2=CC1=CC=NC=C1C=C2,1
2743626,CC1=C(C(=NN1C)C(=O)NNC(=O)C2=CC=CS2)Br,1
118735678,C1=CC=C(C(=C1)C(=O)NCC2=C(C(=CC(=C2)Br)Br)OC(=O)CCCN=C=S)[N+](=O)[O-],1
84598374,CCc1nnc(CN[C@@H](C)C(C)(C)c2ccccc2)n1C,0
24179236,CCCCCCS(=O)(=O)N[C@H]1CCOC1=O,1
34756,C[S+](CC[C@@H](C(=O)O)N)C[C@@H]1[C@H]([C@H]([C@@H](O1)N2C=NC3=C(N=CN=C32)N)O)O,1
5280443,C1=CC(=CC=C1C2=CC(=O)C3=C(C=C(C=C3O2)O)O)O,1
48256935,O=C(OCc1c(Cl)ccc2cccnc12)c1csc(-c2ncccn2)n1,0
148199217,CC[C@@]12C[C@H]3C[C@](C)(C(=O)O)C[C@@H](C1)[C@H]32,0
82726448,C[C@@H]1OCC[C@H]1NCc1cc(Br)ccc1[N+](=O)[O-],0
71433687,CCCCCCC=CCCCC(=O)CC(=O)N[C@H]1CCOC1=O,1
6101,CC1=CC=C(C=C1)S(=O)(=O)O,1
59505078,O[C@@]1(CC2CC2)CCNC1,0
85349378,ClC[C@@H]1O[C@H]1CCC=CCC[C@@H]1O[C@H]1CCl,0
76085669,CCCC#CCCC[C@H]1CCC(=O)[C@@H]1CCCCC[C@](C)(O)C(=O)OCC,0
15951787,O=C1C[C@@H](C=C(F)F)CN1Cc1c(C2CC2)nc2ccc(NC3CC3)nn12,0
43437525,CC(C)[C@]1(C)CC(=O)N(c2cc(C(=O)O)ccc2Cl)C1=O,0
151527556,CCn1c(-c2nonc2N)nc2c(-c3ccccc3)ncc(CN=[N+]=[N-])c21,0
23164535,C1=C(c2ccccc2)CCN(CCCOc2nccc3ccccc23)C1,0
70694898,CCCCCCCC1=CN(N=N1)C2CCOC2=O,1
149062854,C1CCCCCCC2(CCCCC1)CCCC2,0
44449610,CCCC1=CC=C(C=C1)C(=O)CCC(=O)N[C@H]2CCOC2=O,1
103957796,CCc1cc(C(=O)NC[C@H](O)C(=O)OC)sc1C,0
23015785,CC1=CCC(c2ccc3ccccc3c2/C=N/C(C)(C)C)=C1,0
165600059,O[C@@H]1CCC[C@H]1C1CC2(CCC2)C1,0
153713361,CCCN(CCO)CCC[18F],0
12296436,CC[N+](C)(CC)CCCOC(=O)[C@@H]1CCOC(C)(C)C1,0
11176454,C[C@]12Cc3cnn(-c4ccc(F)cc4)c3C=C1CCC[C@@]21CC=C(CO)CO1,0
25015207,CCOC1=CC=C(C=C1)C(=O)N[C@H]2CCOC2=O,1
5350,CS(=O)CCCCN=C=S,1
44447104,C(C1=C(/C(=C/Br)/OC1=O)Br)Br,1
124127661,CC[C@H]1COc2c(C#N)c(F)cc(F)c21,0
42221227,CC[C@H](C)NS(=O)(=O)c1ccc(CC[NH3+])cc1,0
53786521,CCCCN1CCC(CCCC)(CCCC)[C@@]1(CCCC)C(=O)O,0
11459774,C1COC(=O)[C@H]1NC(=O)CSCC2=CC=CC=C2,1
11334067,CCCCCSCC(=O)N[C@H]1CCOC1=O,1
10393,C1=CC(=CC=C1CCO)O,1
56683014,CCCCCCCCCC(=O)CC(=O)NCC1=CC=CC=C1F,1
130129179,CC1C=C(C(=O)O1)C(C)O,1
19696990,NC1=N[C@@]2(O)NC(=O)N=C2C(=O)N1,0
130530913,Cc1ncn(CC2CNC2)c(=O)c1Br,0
28441407,Cc1ccc2c(c1)[C@@H](NCCc1ccc(F)cc1)C(=O)N2,0
9943796,CCCCCCCCCC1=C(C(=O)C2=CC=CC=C2N1)O,1
10601,CC(=O)C1CCOC1=O,1
82036141,CCN(CC)C(=O)c1sc2nc(-c3ccc(C)cc3C)c(C=O)n2c1C,0
11769098,CC(=O)C(=O)OCC1=CC=CC=C1,1
49751095,COc1nn(C)cc1C(=O)NCC1CCN(C2CCCC2)CC1,0
96685569,CC(C)N1CCCC[C@H]1CN1CCNCC1,0
44452270,C1COC(=O)C1NS(=O)(=O)NCCCC2=CC=CC=C2,1
68313,CN(C)CCC1=CC=C(C=C1)O,1
143619556,Cc1c[nH]cc1C1CCN(CCc2cc3c4c(c2)C(C)(C)CC(=O)N4CC3)CC1,0
2969,CCCCCCCCCC(=O)O,1
7427,C([C@@H]1[C@H]([C@@H]([C@H]([C@H](O1)O[C@@H]2[C@@H]([C@H]([C@@H]([C@H](O2)CO)O)O)O)O)O)O)O,1
101004824,CCO[C@H](C)OC[C@@H]1CCC(=O)N1[C@H]1c2cc(C#N)ccc2OC(C)(C)[C@@H]1O,0
20210222,COC(=O)[C@H](COC(C)(C)[C@H]1CC[C@H](C)CC1)NC(=O)[C@@H](N)CC(=O)O,0
127037566,CCCCCCCCC(=O)NC1=CC=C(C=C1)C2=NCCN2,1
144425399,O=C(O)c1cc2c(cn1)NCC=C2,0
91922149,COC[C@@H]1CN(C(C)=O)CC12CCN(Cc1ccccc1OC)CC2,0
79985596,CCCC[C@@H](CC)Cn1cnc(CCNCCC)c1,0
103593013,Cc1cc2c(cc1F)nc(N)n2-c1c(F)cc(F)cc1F,0
53238392,CCCCCCCCCN(CC(=O)N[C@H]1CCOC1=O)O,1
133527991,CCOC(=O)[C@]1(C(C)C)CCN(c2ccc(C(F)(F)F)cn2)C1,0
56935691,CCCCCNC(=O)C1CCOC1=O,1
44409941,CCCCCCCCCC(=O)CC(=O)N[C@@H](C)C(=O)OC,1
288274,CC1=NC(N)=NC(=O)/C1=N/C(=O)c1ccccc1N(O)O,0
104278122,Cc1cccc(CNc2ccnc3cc(Br)cnc23)n1,0
25014958,C1COC(=O)[C@H]1NC(=O)CC2=CC(=C(C=C2)F)C(F)(F)F,1
56935707,CCCCCCCCCCNC(=O)C1CCOC1=O,1
129507810,CCn1cnc2c(c1=O)CCN(c1nc(C)nc3c1CCCC3)C2,0
44437734,COc1ccc(-c2c(C#N)c(N)nc(N3CCOCC3)c2C#N)cc1O,0
149714187,[N-]=[N+]=N[C@@H]1C=CC=C2N(F)C(F)(F)C(F)(F)[C@]21F,0
100916283,CCCC#CC(=O)NC1CCOC1=O,1
11252410,CCCC(=O)N[C@H]1CCCC[C@@H]1O,1
126471076,c1ccc(Oc2ccc(Nc3nccn4c(-c5ccoc5)cnc34)cc2)cc1,0
20587886,Cc1cc(C(F)(F)F)c2ccc(NC(C)(C)C=O)cc2n1,0
25014960,C1COC(=O)[C@H]1NC(=O)CC2=CC3=CC=CC=C3C=C2,1
107428,C([C@H]([C@@H]([C@H](C(=O)CO)O)O)O)O,1
114607798,Nc1ncnc2nc(CC3(CC(=O)O)CCCCC3)[nH]c12,0
AHLs-19,CCCCC\C(=C(/CCCCCCCC(=O)NC1CCOC1=O)[H])[H],1
117837168,C=CC(=O)N[C@H](C)CC(=O)OCCOc1ccc(C(=O)C(C)(C)O)cc1,0
164814937,CC(C)(C)c1ccc2c3c1oc1ccnc(c13)-c1ccc3ccccc3c1C2(C)C,0
168686328,C=C[C@@H]1CC(=O)N(c2cncc(C(=O)O)c2)C1,0
11065049,CCCCCCC[C@@H](C/C=C/CCC(=O)O)OC,1
100916279,CCCCC/C=C/C(=O)NC1CCOC1=O,1
15158525,CN1CCN(C(=O)OC[C@H](O)COc2noc3ccc(Cl)cc23)CC1,0
59660005,C1=CSC(=C1Cl)C(=O)NNC(=O)C2=C(C=CS2)Cl,1
54156317,CCCCCCC=CCC1=CC(=O)C2=CC=CC=C2N1,1
ZINC238252320,CCCCN(C)C(=O)N[C@H]1CCOC1=O,1
126593506,N/C(=N\c1ccc(F)c(Br)c1)C(=O)C1CCCCC1,0
146222793,CC#Cc1cnc2cc(C(C)C)n(-c3ccccc3)c(=O)n12,0
44452326,CCCCCCNS(=O)(=O)NC1CCOC1=O,1
31211,CC(=O)CCC1=CC(=C(C=C1)O)OC,1
44581280,C1COC(=O)[C@H]1NC(=O)CCC2=CC(=CC=C2)[N+](=O)[O-],1
21953397,CCO[C@H](C)OC(=O)Cl,0
5282714,CCCCC/C=C/C(=O)O,1
135397931,O=C([O-])NC(=O)NC(=O)[O-],0
137567030,N#Cc1ccc(Br)cc1-c1nc(=S)[nH]c(Cl)c1C#N,0
101162136,C1CCC(C1)CC(=O)CC(=O)N[C@H]1CCOC1=O,1
124824209,CCN(CCO)[C@@H]1CCCC[C@H]1NC(C)=O,0
154541587,C=C([OH2+])N1C=CCC1,0
48390788,CCN(CC)C(=O)CNc1c([N+](=O)[O-])cc(CO)c(C)c1[N+](=O)[O-],0
56929826,C1CC2=CC(=O)OC2=C(C1)Br,1
798,C1=CC=C2C(=C1)C=CN2,1
QSIDB-3,C(CCCCCCCNN(CC(=O)N[C@H]1CCOC1=O)N([H])[H])C,1
42992239,C1CCC(C1)NC(=O)CCCC2=CNC3=CC=CC=C32,1
90698637,CC(C)(C)[C@H]1N(c2ccc(C#N)c3ccccc23)C(=O)[C@@H]2[C@@H](O)C=CN21,0
138472469,COC(=O)[C@@H]1CC[C@H](Nc2ccc3c(c2N)CC[C@H](C)N3C(=O)O)CC1(C)C,0
44578159,C1C(=C(C(=O)O1)NC(=O)CCCC2=CC=CC=C2)Br,1
25015427,COC1=CC=CC(=C1)CC(=O)NC2CCOC2=O,1
6865700,CC(C)C[C@H]1C(=O)N/C(=C\C2=CC=CC=C2)/C(=O)N1,1
AHLs-9,C(CCCC(=O)CC(=O)N([C@H]1CCOC1=O)[H])CC=CCCCCCC,1
44199338,C1=CC=C(C(=C1)C(=O)NCC2=C(C(=CC(=C2)Br)Br)OC(=O)C3=CC=CC=C3Cl)[N+](=O)[O-],1
129319781,C#CC[C@](C)(O)c1ccc(OC)c(OC)c1,0
QSIDB-4,CCCCCCCCS(=O)(=O)CC(=O)N[C@H]1CCOC1=O,1
56662027,CCCCCCCCC(=O)N[C@H]1CCOC1=O,1
20625558,CN(C)c1ccc(-c2cc3ccc(Br)cc3n2C)cc1,0
11565426,CCCCCCCCCCCC(=O)NC1CCOC1=O,1
148990505,CCCc1ccc2c(c1)[C@]1(N=C(N)N(C(C)C)C1=O)[C@]1(CC[C@H](C)CC1)C2,0
969516,COC1=C(C=CC(=C1)/C=C/C(=O)CC(=O)/C=C/C2=CC(=C(C=C2)O)OC)O,1
53896870,CCCCn1c(O)c(-c2ccccc2)n(-c2ccccc2)c(=O)c1=O,0
23165703,CC1=CNC(=O)C(=N1)C(C)C,1
25014865,CN(C)C1=CC=CC2=C1C=CC=C2S(=O)(=O)N[C@H]3CCOC3=O,1
17124289,COc1ccc(Cl)cc1N1CN(Cc2ccco2)CNC1=S,0
123719177,C[C@@H]1C=C/C(=N/CCN)CC1,0
163892631,CCO[C@H]1N=C(c2ccccc2)c2ccccc2NC1=O,0
133337,C=CC1SCC=CS1,1
102734199,C=C(C)COCCN[C@H]1CCC[C@@H]1O,0
108218034,CNCc1cc(C)ccc1N1C[C@@H](C)O[C@@H](C)C1,0
70694907,CCCCCCN1C(=NN=N1)CC(=O)OCC,1
154871610,O=C([C@@H]1C[C@@H]2CC[C@H]1O2)N1CCC(c2n[nH]c(=O)o2)CC1,0
11288737,CCCCCCCSCC(=O)NC1CCCC1=O,1
ZINC2891742,CC1=C(C=CC=C1)C(=O)OC2=C(C=C(C=C2CNC(=O)C3=C(C=CC=C3)Cl)Br)Br,1
298474,CCOCc1cc(C)[nH]c(=O)c1C#N,0
94654809,CN(C)[C@H](CNS(=O)(=O)/C=C\c1ccccc1)c1ccc(F)cc1,0
128700098,FC1(F)CCC(CN2CC[C@@H](N3CCOCC3)C2)CC1,0
599668,CCCCCCCCC1=C(C(=O)C2=CC=CC=C2N1)C,1
126973195,C[C@H](CO)N(C)C/C(N)=N/O,0
130536586,Cc1ccc(Br)cc1-c1nsc(Br)n1,0
77005481,CC(=CC(=O)O)COc1ccc(Cl)cc1Cl,0
142027557,O=C(NC1CCC2(CCCCC2)CC1)c1cc(F)cc(C(F)(F)F)c1,0
AHLs-COOH-3,CCCCCCCCCCCCCC(=O)N(C1CCOC1=O)C(O)=O,1
82598982,NCc1cc(Cl)c(O)cc1F,0
147104722,C#C[C@H]1CCCN1[N+](=O)C1CCN(c2cnccc2-c2ccccn2)CC1,0
145039432,Nc1cc(OCc2ccc(C(F)(F)F)o2)c(N)c(N)n1,0
79713745,CCN[C@@H](Cc1ccncc1)c1ccc(F)cn1,0
54046701,C(CSC1[C@@H]([C@@H]([C@H](O1)CO)O)O)[C@@H](C(=O)O)N,1
144508107,CC(C)(C)C[C@@H](/N=C/c1ccc(C(=O)O)cc1)C(C)(C)C,0
44581693,COC1=CC=C(C=C1)OCC(=O)N[C@H]2CCOC2=O,1
QSIDB-8,CCCCCCCC(=O)CC(=O)N[C@H]1CCSC1=O,1
130335460,COC(=O)[C@@]1(Cc2ccccc2)N=C(c2ccccc2)O[C@H]1[C@@H]1OC=C[C@H]1C,0
127681484,COCCO[C@@H]1CCCN([C@H]2CCCN(c3ccn(C)n3)C2=O)C1,0
168460923,COCCC(=O)NC[C@H]1[C@H]2C[C@H](CN(c3ncc(F)cn3)C2)[C@@H]2CCCCN21,0
10082421,CCCCCCCC(C1=CC(OC1=O)C)O,1
88903147,C1COC(=O)C1NC(=O)C(C(C(C(C(C(C(F)(F)F)(F)F)(F)F)(F)F)(F)F)(F)F)(F)F,1
87958481,O=C[C@@H](O)CN1CCCC1,0
101162152,CC1=CC=C(C=C1)CC(=O)CC(=O)N[C@H]2CCOC2=O,1
6622676,CC1=NC2=C(S1)C=C(C=C2)S(=O)(=O)NC(C(C)C)C(=O)NCC3=CC=C(C=C3)OC,1
27366180,O=S1(=O)CC[C@@H](Cc2nn(C[NH+]3CCOCC3)c(=S)o2)C1,0
15384158,C1COC(=O)[C@H]1NC(=O)CCC2=CC3=C(C=C2)OCO3,1
75071,C1=CC(=C(C(=C1)Cl)C(=O)O)N,1
84399762,CC[C@@H](C(N)=O)n1c(Cc2ccccc2F)nc2sc3c(c2c1=O)CCC3,0
285592,C1=CC=C(C=C1)NC(=O)CC2=CC(=CC=C2)[N+](=O)[O-],1
77844214,CC(C)C1=C(C=C(C=C1O)CCC2=CC=CC=C2)O,1
169861961,NC(=O)[C@@H](N)C[C@H]1C(=O)Nc2ncccc21,0
44578110,CCCCCC(=O)NC1=CCOC1=O,1
448719,C[C@@]1(C([C@H](CO1)O)(O)O)O,1
108327838,CCN[C@@H](C)c1ccc(F)cc1-c1cccc(C)c1,0
599712,CCCCCC1=C(C(=O)C2=CC=CC=C2N1)C,1
15196834,CCC(=O)NC1=Nc2ccccc2Nc2nc(N)c(C#N)cc21,0
156372775,N#CC1(COCS(=O)(=O)c2ccc(O)cc2)CCOCC1,0
146125570,COC1(C)CCN(C(=O)CCN2C(=O)COc3ccccc32)CC1,0
152903267,Nc1ccc(C#Cc2cc(F)nc(-n3ccc(CBr)n3)c2)cc1,0
9862453,CCCCCCCCCC(=O)C(C(=O)N[C@H]1CCOC1=O)(F)F,1
443437,CCCCCCC(=O)N[C@H]1CCOC1=O,1
5280343,C1=CC(=C(C=C1C2=C(C(=O)C3=C(C=C(C=C3O2)O)O)O)O)O,1
4417579,CC1=CC(=C(C(=C1)CNC(=O)C2=CC=CC=C2Cl)OC(=O)C3=C(C=C(C=C3)Cl)Cl)C,1
56662666,CCCCCCCCCC(=O)CC(=O)NCCC(C1=CC=CC=C1)C2=CC=CC=C2,1
53237704,CCCCCCCCN(CCC)C(=O)CC(=O)N[C@H]1CCOC1=O,1
117429853,CCc1cc([C@@H](CC(=O)O)C2CC2)cc(Cl)c1F,0
4822,CN1CCC(=C2C3=CC=CC=C3SC4=CC=CC=C42)CC1,1
125207715,O=C(C1=NN=CC1)N1CC[C@]2(C[C@@H](Nc3ncc(F)cn3)CO2)C1,0
7076347,CC(C)C[C@H]1C(=O)N[C@H](C(=O)N1)CC2=CC=CC=C2,1
16356586,Cc1nn(Cc2ccccc2)c(C)c1C(=O)N[C@H]1CCSc2ccccc21,0
102531070,O[C@@H]1[C@H](O)C=C[C@H]1n1cnc(-c2cccnc2Cl)c1,0
114919321,CN(Cc1cccc(Br)c1)c1cc(C(=O)O)c(Cl)cn1,0
AHLs-18,CCCCCC\C(=C(\CCCCCCC\C(=C(\C(=O)N[C@H]1CCOC1=O)[H])[H])[H])[H],1
66767588,CCCc1ccc2c(n1)[nH]c1ccccc12,0
57403389,C[C@@H]([C@H](C(=O)C(=O)C)O)O,1
QSIDB-13,CCCCCCCCCCCCCCN1C(=NN=N1)CC(=O)O,1
24831300,CCCCC1=C/C(=C/Br)/OC1=O,1
70698462,CCCCCCC[C@@H]1C[C@H]1CCC(=O)O,1
